track_id, year, month, day, hour, i, lon, lat, slp, wind
0, 2020, 1, 20, 12, 583474, 39.199219, -17.896163, 1.000793e+05, 1.005719e+01
0, 2020, 1, 20, 15, 583473, 39.550781, -17.896163, 1.001839e+05, 1.202830e+01
0, 2020, 1, 20, 18, 583477, 39.902344, -17.582849, 1.002778e+05, 1.191520e+01
0, 2020, 1, 20, 21, 583002, 43.769531, -19.471302, 1.000590e+05, 1.169653e+01
0, 2020, 1, 21, 3, 582990, 43.417969, -19.788132, 1.000843e+05, 1.312606e+01
0, 2020, 1, 21, 6, 582987, 43.242188, -19.946783, 1.000684e+05, 1.291801e+01
0, 2020, 1, 21, 9, 582987, 43.242188, -19.946783, 9.989723e+04, 1.312599e+01
0, 2020, 1, 21, 12, 582987, 43.242188, -19.946783, 9.982605e+04, 1.387553e+01
0, 2020, 1, 21, 15, 582990, 43.417969, -19.788132, 9.989150e+04, 1.400988e+01
0, 2020, 1, 21, 18, 583015, 43.242188, -19.313119, 9.984000e+04, 1.398376e+01
0, 2020, 1, 21, 21, 583021, 43.066406, -19.155090, 9.965552e+04, 1.443366e+01
0, 2020, 1, 22, 0, 583120, 42.890625, -18.681902, 9.961375e+04, 1.492579e+01
0, 2020, 1, 22, 3, 583133, 43.066406, -17.896163, 9.962522e+04, 1.722185e+01
0, 2020, 1, 22, 6, 585861, 44.121094, -17.582849, 9.954475e+04, 1.899525e+01
0, 2020, 1, 22, 9, 585778, 44.824219, -17.896163, 9.940305e+04, 1.823069e+01
0, 2020, 1, 22, 12, 585754, 45.175781, -18.210032, 9.941209e+04, 1.825555e+01
0, 2020, 1, 22, 15, 585748, 46.054688, -18.367178, 9.971059e+04, 1.331037e+01
0, 2020, 1, 22, 18, 580284, 46.406250, -18.681902, 1.000564e+05, 1.224510e+01
0, 2020, 1, 22, 21, 580186, 49.394531, -19.471302, 9.986574e+04, 1.591175e+01
0, 2020, 1, 23, 0, 580186, 49.394531, -19.471302, 9.987495e+04, 1.796888e+01
0, 2020, 1, 23, 3, 580187, 49.570313, -19.313119, 1.000693e+05, 1.701092e+01
0, 2020, 1, 23, 6, 580183, 50.273438, -19.313119, 9.992932e+04, 1.779257e+01
0, 2020, 1, 23, 9, 580352, 50.625000, -19.313119, 9.977846e+04, 1.953392e+01
0, 2020, 1, 23, 12, 580003, 51.328125, -19.629639, 9.977794e+04, 1.833349e+01
0, 2020, 1, 23, 15, 579982, 51.855469, -19.788132, 9.991118e+04, 1.789788e+01
0, 2020, 1, 23, 18, 579981, 52.207031, -19.788132, 1.000026e+05, 1.812441e+01
0, 2020, 1, 23, 21, 579902, 53.261719, -19.788132, 9.984555e+04, 1.826548e+01
0, 2020, 1, 24, 0, 579894, 53.613281, -20.105594, 9.981970e+04, 1.818598e+01
0, 2020, 1, 24, 3, 579936, 54.140625, -19.946783, 1.000069e+05, 1.716709e+01
0, 2020, 1, 24, 6, 579911, 55.195312, -19.946783, 9.998035e+04, 1.772309e+01
0, 2020, 1, 24, 9, 578554, 55.722656, -20.105594, 9.979903e+04, 1.855115e+01
0, 2020, 1, 24, 12, 578550, 56.425781, -20.105594, 9.980543e+04, 1.870937e+01
0, 2020, 1, 24, 15, 579206, 57.832031, -20.105594, 9.988190e+04, 1.879839e+01
0, 2020, 1, 24, 18, 579118, 58.183594, -20.423701, 9.959925e+04, 1.822119e+01
0, 2020, 1, 24, 21, 579128, 58.710938, -20.264566, 9.940425e+04, 1.830867e+01
0, 2020, 1, 25, 0, 579121, 59.238281, -20.423701, 9.915177e+04, 1.926843e+01
0, 2020, 1, 25, 3, 579101, 59.941406, -20.423701, 9.904871e+04, 2.092381e+01
0, 2020, 1, 25, 6, 579136, 60.468750, -20.583000, 9.898873e+04, 2.180809e+01
0, 2020, 1, 25, 9, 578790, 61.347656, -20.742467, 9.866157e+04, 2.261004e+01
0, 2020, 1, 25, 12, 578759, 62.226563, -21.221882, 9.878863e+04, 2.245924e+01
0, 2020, 1, 25, 15, 578681, 63.105469, -21.382032, 9.885302e+04, 2.249657e+01
0, 2020, 1, 25, 18, 578651, 63.632812, -21.863542, 9.863069e+04, 2.211606e+01
0, 2020, 1, 25, 21, 578644, 64.335938, -22.185451, 9.856052e+04, 2.151071e+01
0, 2020, 1, 26, 0, 556788, 65.039062, -22.831502, 9.827259e+04, 2.381146e+01
0, 2020, 1, 26, 3, 556765, 65.566406, -22.993491, 9.828510e+04, 2.433327e+01
0, 2020, 1, 26, 6, 556671, 66.093750, -23.480635, 9.814327e+04, 2.666101e+01
0, 2020, 1, 26, 9, 556638, 66.621094, -24.296581, 9.776925e+04, 2.917162e+01
0, 2020, 1, 26, 12, 556636, 66.796875, -24.460396, 9.757588e+04, 3.291927e+01
0, 2020, 1, 26, 15, 556627, 66.796875, -24.788666, 9.751029e+04, 3.289750e+01
0, 2020, 1, 26, 18, 556625, 66.972656, -24.953127, 9.740315e+04, 3.239492e+01
0, 2020, 1, 26, 21, 556624, 66.796875, -25.117808, 9.746791e+04, 2.840212e+01
0, 2020, 1, 27, 0, 556613, 66.621094, -25.282711, 9.762272e+04, 2.875490e+01
0, 2020, 1, 27, 3, 556614, 66.269531, -25.282711, 9.781859e+04, 2.838605e+01
0, 2020, 1, 27, 6, 556616, 65.742188, -25.447839, 9.797998e+04, 2.871411e+01
0, 2020, 1, 27, 9, 556597, 65.214844, -25.282711, 9.765798e+04, 2.875856e+01
0, 2020, 1, 27, 12, 556595, 64.687500, -25.447839, 9.778991e+04, 2.710651e+01
0, 2020, 1, 27, 15, 556591, 63.984375, -25.447839, 9.795221e+04, 2.693275e+01
0, 2020, 1, 27, 18, 556684, 63.281250, -25.117808, 9.799280e+04, 2.585478e+01
0, 2020, 1, 27, 21, 556705, 62.753906, -24.953127, 9.786721e+04, 2.381659e+01
0, 2020, 1, 28, 0, 556707, 62.578125, -24.788666, 9.802591e+04, 2.306090e+01
0, 2020, 1, 28, 3, 556712, 62.226563, -24.788666, 9.820154e+04, 2.323528e+01
0, 2020, 1, 28, 6, 556714, 62.050781, -24.624423, 9.826396e+04, 2.231738e+01
0, 2020, 1, 28, 9, 556028, 61.875000, -25.117808, 9.812547e+04, 2.253930e+01
0, 2020, 1, 28, 12, 556019, 61.875000, -25.447839, 9.821853e+04, 2.167688e+01
0, 2020, 1, 28, 15, 556005, 61.699219, -25.944591, 9.858038e+04, 2.058464e+01
0, 2020, 1, 28, 18, 556004, 61.523438, -26.110640, 9.859109e+04, 2.118858e+01
0, 2020, 1, 28, 21, 555978, 61.347656, -26.610213, 9.870641e+04, 2.123592e+01
0, 2020, 1, 29, 0, 555929, 60.996094, -27.279731, 9.873590e+04, 2.202557e+01
0, 2020, 1, 29, 3, 555911, 60.820312, -27.784525, 9.898559e+04, 2.198130e+01
0, 2020, 1, 29, 6, 555819, 60.820312, -28.461258, 9.915159e+04, 2.048894e+01
0, 2020, 1, 29, 9, 555645, 60.644531, -28.971660, 9.916304e+04, 1.970951e+01
0, 2020, 1, 29, 12, 555637, 60.996094, -29.313328, 9.937459e+04, 1.961075e+01
0, 2020, 1, 29, 15, 555603, 61.171875, -30.172575, 9.946738e+04, 1.947075e+01
0, 2020, 1, 29, 18, 555601, 61.347656, -30.345318, 9.964344e+04, 1.905200e+01
0, 2020, 1, 29, 21, 555256, 61.523438, -30.865394, 9.969154e+04, 1.928831e+01
0, 2020, 1, 30, 0, 555237, 61.699219, -31.388308, 9.986991e+04, 1.805959e+01
1, 2020, 1, 20, 18, 361035, 65.742188, -14.940364, 1.005885e+05, 1.466369e+01
1, 2020, 1, 20, 21, 361027, 66.093750, -15.249446, 1.004032e+05, 1.563614e+01
1, 2020, 1, 21, 0, 360683, 66.445312, -15.558983, 1.004446e+05, 1.545412e+01
1, 2020, 1, 21, 3, 360674, 66.621094, -16.024166, 1.005621e+05, 1.601854e+01
1, 2020, 1, 21, 6, 360650, 66.972656, -16.334890, 1.004892e+05, 1.631393e+01
1, 2020, 1, 21, 9, 360640, 67.500000, -16.801907, 1.002158e+05, 1.740735e+01
1, 2020, 1, 21, 12, 360554, 67.675781, -16.957833, 1.000363e+05, 1.911203e+01
1, 2020, 1, 21, 15, 360503, 67.851562, -17.426395, 1.001824e+05, 2.061923e+01
1, 2020, 1, 21, 18, 360500, 67.851562, -17.739438, 9.995012e+04, 2.082386e+01
1, 2020, 1, 21, 21, 360478, 68.027344, -17.896163, 9.972259e+04, 2.010599e+01
1, 2020, 1, 22, 0, 360476, 68.203125, -18.053028, 9.964765e+04, 1.996288e+01
1, 2020, 1, 22, 3, 360470, 68.378906, -18.210032, 9.978547e+04, 2.091671e+01
1, 2020, 1, 22, 6, 338621, 69.082031, -18.524468, 9.982884e+04, 2.021204e+01
1, 2020, 1, 22, 9, 338585, 69.433594, -19.471302, 9.960741e+04, 2.181284e+01
1, 2020, 1, 22, 12, 338578, 69.433594, -19.788132, 9.957263e+04, 2.309652e+01
1, 2020, 1, 22, 15, 338479, 69.609375, -20.264566, 9.962603e+04, 2.248506e+01
1, 2020, 1, 22, 18, 338468, 69.960938, -20.902101, 9.962019e+04, 2.214857e+01
1, 2020, 1, 22, 21, 338441, 70.136719, -21.382032, 9.931873e+04, 2.229405e+01
1, 2020, 1, 23, 0, 338432, 70.312500, -21.863542, 9.948575e+04, 2.339544e+01
1, 2020, 1, 23, 3, 556535, 70.664062, -22.508099, 9.936660e+04, 2.494753e+01
1, 2020, 1, 23, 6, 556507, 70.664062, -23.155675, 9.934321e+04, 2.491198e+01
1, 2020, 1, 23, 9, 556487, 70.664062, -23.806397, 9.920734e+04, 2.529562e+01
1, 2020, 1, 23, 12, 556398, 70.839844, -24.296581, 9.925712e+04, 2.494925e+01
1, 2020, 1, 23, 15, 556387, 71.015625, -24.788666, 9.941173e+04, 2.417546e+01
1, 2020, 1, 23, 18, 556319, 71.015625, -25.447839, 9.932273e+04, 2.202729e+01
1, 2020, 1, 23, 21, 556310, 71.191406, -25.944591, 9.922125e+04, 2.112237e+01
1, 2020, 1, 24, 0, 554942, 71.542969, -26.276925, 9.941002e+04, 1.990889e+01
1, 2020, 1, 24, 3, 554936, 71.367188, -26.777221, 9.955344e+04, 1.995149e+01
1, 2020, 1, 24, 6, 554895, 71.718750, -27.447738, 9.948990e+04, 1.973317e+01
1, 2020, 1, 24, 9, 554885, 72.246094, -27.953309, 9.944385e+04, 2.054339e+01
1, 2020, 1, 24, 12, 554791, 72.773438, -28.461258, 9.952738e+04, 2.078366e+01
1, 2020, 1, 24, 15, 554758, 73.300781, -29.313328, 9.962334e+04, 2.113690e+01
1, 2020, 1, 24, 18, 554408, 73.476562, -30.172575, 9.940525e+04, 2.101079e+01
1, 2020, 1, 24, 21, 554379, 74.179688, -30.518367, 9.931934e+04, 2.054464e+01
1, 2020, 1, 25, 0, 554368, 74.531250, -31.213683, 9.950720e+04, 1.989585e+01
1, 2020, 1, 25, 3, 554272, 75.234375, -31.914149, 9.959413e+04, 1.943942e+01
2, 2020, 1, 27, 15, 438864, 156.796875, 4.331166, 1.001620e+05, 1.868955e+01
2, 2020, 1, 27, 18, 438852, 156.445312, 4.031953, 1.002935e+05, 1.587891e+01
2, 2020, 1, 28, 6, 438867, 156.796875, 4.630498, 1.001769e+05, 1.460295e+01
2, 2020, 1, 28, 9, 438863, 156.093750, 4.630498, 1.002806e+05, 1.457510e+01
2, 2020, 1, 28, 12, 438887, 155.742188, 4.929957, 1.001532e+05, 1.520131e+01
2, 2020, 1, 28, 15, 439000, 155.039062, 5.829177, 9.978641e+04, 1.696829e+01
2, 2020, 1, 28, 18, 438991, 154.687500, 5.829177, 9.953684e+04, 1.844683e+01
2, 2020, 1, 28, 21, 439012, 154.335938, 5.829177, 9.982725e+04, 1.841706e+01
2, 2020, 1, 29, 0, 439022, 153.808594, 6.279314, 9.956460e+04, 1.921055e+01
2, 2020, 1, 29, 3, 440390, 153.457031, 6.579620, 9.915370e+04, 2.083535e+01
2, 2020, 1, 29, 6, 440399, 153.281250, 7.030422, 9.935915e+04, 2.152592e+01
2, 2020, 1, 29, 9, 440431, 152.578125, 7.632177, 9.962695e+04, 2.194337e+01
2, 2020, 1, 29, 12, 440527, 151.875000, 8.234781, 9.935302e+04, 2.233529e+01
2, 2020, 1, 29, 15, 440556, 151.171875, 8.536423, 9.888016e+04, 2.220323e+01
2, 2020, 1, 29, 18, 440900, 150.820313, 8.838303, 9.868759e+04, 2.636309e+01
2, 2020, 1, 29, 21, 440908, 150.468750, 9.140431, 9.905477e+04, 2.563581e+01
2, 2020, 1, 30, 0, 440934, 149.941406, 9.594107, 9.902573e+04, 2.532624e+01
2, 2020, 1, 30, 3, 440939, 149.414062, 9.745466, 9.865738e+04, 2.320548e+01
2, 2020, 1, 30, 6, 441027, 149.062500, 10.048391, 9.883546e+04, 2.329408e+01
2, 2020, 1, 30, 9, 441033, 148.886719, 10.199960, 9.892321e+04, 2.332155e+01
2, 2020, 1, 30, 12, 441057, 148.535156, 10.503314, 9.885856e+04, 2.372236e+01
2, 2020, 1, 30, 15, 441070, 148.183594, 11.110927, 9.849446e+04, 2.555405e+01
2, 2020, 1, 30, 18, 69701, 148.183594, 11.415204, 9.821462e+04, 2.718893e+01
2, 2020, 1, 30, 21, 69709, 147.832031, 11.719808, 9.817088e+04, 2.863090e+01
2, 2020, 1, 31, 0, 69744, 147.656250, 12.177348, 9.787331e+04, 2.935536e+01
2, 2020, 1, 31, 3, 69753, 147.480469, 12.635677, 9.742574e+04, 3.071770e+01
2, 2020, 1, 31, 6, 69844, 147.304688, 13.094829, 9.747343e+04, 3.104281e+01
2, 2020, 1, 31, 9, 69847, 147.304688, 13.401405, 9.702431e+04, 3.390204e+01
2, 2020, 1, 31, 12, 70024, 147.304688, 13.708373, 9.678406e+04, 3.290289e+01
2, 2020, 1, 31, 15, 70027, 147.304688, 14.015742, 9.633252e+04, 3.619879e+01
2, 2020, 1, 31, 18, 70053, 147.480469, 14.477572, 9.601220e+04, 3.669916e+01
2, 2020, 1, 31, 21, 70064, 147.656250, 14.631727, 9.597788e+04, 3.785625e+01
2, 2020, 2, 1, 0, 70070, 147.832031, 15.094849, 9.605619e+04, 3.520364e+01
2, 2020, 2, 1, 3, 70114, 148.183594, 15.404157, 9.603525e+04, 3.432463e+01
2, 2020, 2, 1, 6, 70118, 148.535156, 15.713926, 9.642755e+04, 3.231871e+01
2, 2020, 2, 1, 9, 70130, 148.886719, 16.024166, 9.715852e+04, 2.970770e+01
2, 2020, 2, 1, 12, 70132, 149.414062, 16.179467, 9.718681e+04, 3.136702e+01
2, 2020, 2, 1, 15, 70817, 149.941406, 16.646109, 9.734775e+04, 2.835503e+01
2, 2020, 2, 1, 18, 70799, 150.468750, 16.801907, 9.777785e+04, 2.788443e+01
2, 2020, 2, 1, 21, 70812, 151.171875, 17.113889, 9.825095e+04, 2.580304e+01
2, 2020, 2, 2, 0, 70849, 152.050781, 17.270076, 9.866931e+04, 2.542395e+01
2, 2020, 2, 2, 3, 70777, 153.105469, 17.582849, 9.899359e+04, 2.399255e+01
2, 2020, 2, 2, 6, 70944, 153.984375, 17.739438, 9.939413e+04, 2.408601e+01
3, 2020, 1, 27, 18, 651607, 140.273438, -14.323523, 1.003261e+05, 1.120409e+01
3, 2020, 1, 27, 21, 646130, 140.449219, -15.404157, 1.004766e+05, 1.016359e+01
3, 2020, 1, 28, 9, 646395, 145.898438, -14.940364, 1.002787e+05, 1.269198e+01
3, 2020, 1, 28, 12, 646398, 146.074219, -14.785991, 1.001197e+05, 1.513330e+01
3, 2020, 1, 28, 15, 646398, 146.074219, -14.785991, 9.995077e+04, 1.371787e+01
3, 2020, 1, 28, 18, 652343, 140.976562, -12.482811, 9.975532e+04, 1.774658e+01
3, 2020, 1, 28, 21, 652362, 141.503906, -12.635677, 9.963525e+04, 1.867875e+01
3, 2020, 1, 29, 0, 652363, 141.679688, -12.482811, 9.949937e+04, 1.774633e+01
3, 2020, 1, 29, 3, 652365, 142.207031, -12.330035, 9.955888e+04, 1.762733e+01
3, 2020, 1, 29, 6, 652369, 142.910156, -12.330035, 9.954023e+04, 1.678889e+01
3, 2020, 1, 29, 9, 646902, 143.613281, -12.635677, 9.964757e+04, 1.777677e+01
3, 2020, 1, 29, 12, 646879, 144.140625, -12.788634, 9.966645e+04, 1.667893e+01
3, 2020, 1, 29, 15, 646954, 145.019531, -13.248069, 9.933404e+04, 1.757528e+01
3, 2020, 1, 29, 18, 646773, 145.371094, -13.862006, 9.916994e+04, 1.825828e+01
3, 2020, 1, 29, 21, 646740, 145.898438, -14.631727, 9.914856e+04, 2.119020e+01
3, 2020, 1, 30, 0, 646386, 146.074219, -15.404157, 9.902415e+04, 2.143818e+01
3, 2020, 1, 30, 3, 646345, 146.074219, -16.334890, 9.875654e+04, 2.224690e+01
3, 2020, 1, 30, 6, 646295, 145.898438, -16.801907, 9.863915e+04, 2.337354e+01
3, 2020, 1, 30, 9, 646288, 145.546875, -17.426395, 9.916470e+04, 2.436708e+01
3, 2020, 1, 30, 12, 646273, 145.019531, -17.896163, 9.917491e+04, 1.951125e+01
3, 2020, 1, 30, 15, 645499, 144.492188, -18.681902, 9.929171e+04, 1.815536e+01
3, 2020, 1, 30, 18, 645568, 143.437500, -19.313119, 9.937360e+04, 1.634850e+01
3, 2020, 1, 30, 21, 645521, 142.910156, -19.788132, 9.950227e+04, 1.444990e+01
3, 2020, 1, 31, 0, 645510, 142.207031, -20.105594, 9.960984e+04, 1.377957e+01
3, 2020, 1, 31, 3, 645341, 141.503906, -20.423701, 9.961371e+04, 1.595656e+01
3, 2020, 1, 31, 6, 645351, 140.273438, -20.583000, 9.969741e+04, 1.283819e+01
3, 2020, 1, 31, 9, 645700, 139.570312, -20.264566, 9.991235e+04, 1.253995e+01
4, 2020, 1, 28, 21, 650473, 122.871094, -15.713926, 1.001896e+05, 1.692563e+01
4, 2020, 1, 29, 0, 650816, 122.343750, -15.558983, 1.001123e+05, 1.949775e+01
4, 2020, 1, 29, 3, 650818, 122.167969, -15.404157, 9.987349e+04, 1.814589e+01
4, 2020, 1, 29, 6, 650819, 122.343750, -15.249446, 9.964754e+04, 1.941358e+01
4, 2020, 1, 29, 9, 650775, 121.992188, -15.558983, 9.969470e+04, 1.973847e+01
4, 2020, 1, 29, 12, 650781, 121.816406, -15.404157, 9.972944e+04, 1.799850e+01
4, 2020, 1, 29, 15, 650781, 121.816406, -15.404157, 9.947106e+04, 1.930760e+01
4, 2020, 1, 29, 18, 650826, 121.816406, -15.094849, 9.913379e+04, 2.333698e+01
4, 2020, 1, 29, 21, 650826, 121.816406, -15.094849, 9.906385e+04, 1.979637e+01
4, 2020, 1, 30, 0, 650826, 121.816406, -15.094849, 9.908205e+04, 1.950041e+01
4, 2020, 1, 30, 3, 650826, 121.816406, -15.094849, 9.886615e+04, 1.867297e+01
4, 2020, 1, 30, 6, 650826, 121.816406, -15.094849, 9.853709e+04, 1.951993e+01
4, 2020, 1, 30, 9, 650783, 121.640625, -15.249446, 9.838556e+04, 2.254523e+01
4, 2020, 1, 30, 12, 650783, 121.640625, -15.249446, 9.785138e+04, 2.692879e+01
4, 2020, 1, 30, 15, 650782, 121.464844, -15.404157, 9.724635e+04, 3.380074e+01
4, 2020, 1, 30, 18, 650804, 121.289062, -15.249446, 9.637005e+04, 3.715645e+01
4, 2020, 1, 30, 21, 650801, 121.113281, -15.404157, 9.612506e+04, 3.421689e+01
4, 2020, 1, 31, 0, 650802, 120.761719, -15.404157, 9.612290e+04, 3.567973e+01
4, 2020, 1, 31, 3, 650797, 120.410156, -15.404157, 9.568079e+04, 3.484524e+01
4, 2020, 1, 31, 6, 650798, 120.058594, -15.404157, 9.445472e+04, 4.028148e+01
4, 2020, 1, 31, 9, 650795, 119.882813, -15.558983, 9.497725e+04, 3.973942e+01
4, 2020, 1, 31, 12, 650880, 119.531250, -15.558983, 9.540296e+04, 4.006272e+01
4, 2020, 1, 31, 15, 650204, 118.828125, -15.558983, 9.490140e+04, 4.345628e+01
4, 2020, 1, 31, 18, 650201, 118.652344, -15.713926, 9.513610e+04, 4.213265e+01
4, 2020, 1, 31, 21, 650213, 117.949219, -15.713926, 9.560941e+04, 4.082000e+01
4, 2020, 2, 1, 0, 650211, 117.421875, -15.868986, 9.587201e+04, 3.543671e+01
4, 2020, 2, 1, 3, 650173, 116.894531, -16.024166, 9.644905e+04, 3.517067e+01
4, 2020, 2, 1, 6, 344340, 116.367188, -15.868986, 9.593978e+04, 3.828968e+01
4, 2020, 2, 1, 9, 344345, 115.839844, -15.713926, 9.615785e+04, 3.824408e+01
4, 2020, 2, 1, 12, 344346, 115.488281, -15.713926, 9.664596e+04, 3.407196e+01
4, 2020, 2, 1, 15, 344368, 115.312500, -15.558983, 9.688438e+04, 3.610651e+01
4, 2020, 2, 1, 18, 344359, 114.960938, -15.558983, 9.699112e+04, 3.691025e+01
4, 2020, 2, 1, 21, 344365, 114.785156, -15.404157, 9.718006e+04, 3.463947e+01
4, 2020, 2, 2, 0, 344364, 114.609375, -15.558983, 9.818257e+04, 3.062644e+01
4, 2020, 2, 2, 3, 344355, 114.609375, -15.868986, 9.854053e+04, 2.524559e+01
4, 2020, 2, 2, 6, 344353, 114.785156, -16.024166, 9.890337e+04, 2.062486e+01
4, 2020, 2, 2, 9, 344159, 114.609375, -16.490437, 9.931138e+04, 1.563277e+01
4, 2020, 2, 2, 12, 344158, 114.433594, -16.646109, 9.957722e+04, 1.428582e+01
4, 2020, 2, 2, 15, 344155, 114.257812, -16.801907, 9.961735e+04, 1.481131e+01
4, 2020, 2, 2, 18, 344155, 114.257812, -16.801907, 9.961246e+04, 1.451371e+01
4, 2020, 2, 2, 21, 344177, 114.082031, -16.646109, 9.969634e+04, 1.522149e+01
4, 2020, 2, 3, 0, 344177, 114.082031, -16.646109, 9.988912e+04, 1.351626e+01
4, 2020, 2, 3, 3, 344165, 113.730469, -16.957833, 9.983218e+04, 1.432873e+01
5, 2020, 2, 1, 18, 580959, 61.171875, -14.015742, 1.003441e+05, 1.502928e+01
5, 2020, 2, 1, 21, 362506, 61.347656, -13.862006, 1.000149e+05, 1.712654e+01
5, 2020, 2, 2, 0, 580959, 61.171875, -14.015742, 9.989821e+04, 1.699874e+01
5, 2020, 2, 2, 3, 362504, 61.523438, -14.015742, 9.995466e+04, 1.770675e+01
5, 2020, 2, 2, 6, 580951, 61.523438, -14.323523, 9.988735e+04, 1.866324e+01
5, 2020, 2, 2, 9, 579579, 61.523438, -14.940364, 9.970496e+04, 1.917978e+01
5, 2020, 2, 2, 12, 580934, 60.644531, -15.094849, 9.965020e+04, 1.998976e+01
5, 2020, 2, 2, 15, 580939, 60.117188, -14.940364, 9.970432e+04, 1.810657e+01
5, 2020, 2, 2, 18, 580919, 59.414062, -14.940364, 9.933801e+04, 2.009877e+01
5, 2020, 2, 2, 21, 580919, 59.414062, -14.940364, 9.904716e+04, 2.190851e+01
5, 2020, 2, 3, 0, 580923, 58.710938, -14.940364, 9.894419e+04, 2.304606e+01
5, 2020, 2, 3, 3, 581009, 58.535156, -14.785991, 9.898799e+04, 2.236195e+01
5, 2020, 2, 3, 6, 581017, 58.183594, -14.477572, 9.892319e+04, 2.401856e+01
5, 2020, 2, 3, 9, 581017, 58.183594, -14.477572, 9.874848e+04, 2.339471e+01
5, 2020, 2, 3, 12, 581040, 57.656250, -14.323523, 9.873126e+04, 2.546992e+01
5, 2020, 2, 3, 15, 581043, 57.656250, -14.015742, 9.843118e+04, 2.583507e+01
5, 2020, 2, 3, 18, 581053, 57.832031, -13.554840, 9.815560e+04, 3.011554e+01
5, 2020, 2, 3, 21, 581053, 57.832031, -13.554840, 9.741659e+04, 3.386697e+01
5, 2020, 2, 4, 0, 581097, 58.183594, -13.248069, 9.805271e+04, 3.052978e+01
5, 2020, 2, 4, 3, 581071, 59.062500, -13.401405, 9.807585e+04, 2.981258e+01
5, 2020, 2, 4, 6, 581080, 59.414062, -13.401405, 9.801375e+04, 2.903792e+01
5, 2020, 2, 4, 9, 581073, 59.941406, -13.554840, 9.803700e+04, 2.935012e+01
5, 2020, 2, 4, 12, 580988, 60.468750, -13.708373, 9.803040e+04, 2.963979e+01
5, 2020, 2, 4, 15, 580983, 60.820312, -13.708373, 9.814190e+04, 3.031225e+01
5, 2020, 2, 4, 18, 362506, 61.347656, -13.862006, 9.797909e+04, 3.054064e+01
5, 2020, 2, 4, 21, 362505, 61.699219, -13.862006, 9.770618e+04, 2.973494e+01
5, 2020, 2, 5, 0, 362512, 62.578125, -13.708373, 9.781826e+04, 3.142488e+01
5, 2020, 2, 5, 3, 361148, 63.281250, -13.708373, 9.766002e+04, 3.259526e+01
5, 2020, 2, 5, 6, 361118, 63.808594, -14.169580, 9.731509e+04, 3.221425e+01
5, 2020, 2, 5, 9, 361109, 64.511719, -14.477572, 9.703234e+04, 3.220053e+01
5, 2020, 2, 5, 12, 361056, 65.390625, -14.940364, 9.696606e+04, 3.395203e+01
5, 2020, 2, 5, 15, 360989, 65.566406, -15.404157, 9.670347e+04, 2.961388e+01
5, 2020, 2, 5, 18, 360638, 65.917969, -16.024166, 9.632856e+04, 3.159479e+01
5, 2020, 2, 5, 21, 360630, 66.269531, -16.334890, 9.592179e+04, 3.322579e+01
5, 2020, 2, 6, 0, 360625, 66.269531, -16.646109, 9.539184e+04, 3.545792e+01
5, 2020, 2, 6, 3, 360601, 66.621094, -16.957833, 9.506048e+04, 3.841713e+01
5, 2020, 2, 6, 6, 360594, 66.621094, -17.270076, 9.477123e+04, 3.714142e+01
5, 2020, 2, 6, 9, 360504, 67.148438, -17.739438, 9.417904e+04, 3.867596e+01
5, 2020, 2, 6, 12, 360496, 67.500000, -18.053028, 9.377094e+04, 4.231734e+01
5, 2020, 2, 6, 15, 360461, 67.675781, -18.524468, 9.338302e+04, 4.244109e+01
5, 2020, 2, 6, 18, 360452, 67.851562, -18.997211, 9.318634e+04, 4.439900e+01
5, 2020, 2, 6, 21, 338604, 68.203125, -19.313119, 9.290619e+04, 4.539793e+01
5, 2020, 2, 7, 0, 338593, 68.378906, -19.788132, 9.278056e+04, 4.548855e+01
5, 2020, 2, 7, 3, 338568, 68.554688, -20.264566, 9.310835e+04, 4.518637e+01
5, 2020, 2, 7, 6, 338474, 69.082031, -20.742467, 9.323959e+04, 4.435358e+01
5, 2020, 2, 7, 9, 556919, 69.257812, -21.221882, 9.347413e+04, 4.277468e+01
5, 2020, 2, 7, 12, 556892, 69.609375, -21.863542, 9.354404e+04, 4.215814e+01
5, 2020, 2, 7, 15, 556881, 69.785156, -22.346682, 9.401976e+04, 4.008182e+01
5, 2020, 2, 7, 18, 556530, 70.136719, -22.993491, 9.434123e+04, 3.855820e+01
5, 2020, 2, 7, 21, 556495, 70.312500, -23.480635, 9.430684e+04, 3.947547e+01
5, 2020, 2, 8, 0, 556483, 70.312500, -24.132978, 9.478398e+04, 3.615184e+01
5, 2020, 2, 8, 3, 556394, 70.488281, -24.624423, 9.518735e+04, 3.477119e+01
5, 2020, 2, 8, 6, 556341, 70.839844, -25.282711, 9.560997e+04, 3.399587e+01
5, 2020, 2, 8, 9, 556313, 70.839844, -25.944591, 9.568554e+04, 3.412844e+01
5, 2020, 2, 8, 12, 556292, 70.664062, -26.777221, 9.602694e+04, 3.180034e+01
5, 2020, 2, 8, 15, 554923, 70.664062, -27.111977, 9.650121e+04, 2.933578e+01
5, 2020, 2, 8, 18, 554743, 70.664062, -27.784525, 9.680266e+04, 2.785743e+01
5, 2020, 2, 8, 21, 554714, 70.488281, -28.631115, 9.697366e+04, 2.798476e+01
5, 2020, 2, 9, 0, 554694, 70.488281, -29.313328, 9.720662e+04, 2.886260e+01
5, 2020, 2, 9, 3, 554688, 70.312500, -29.827991, 9.731991e+04, 2.855346e+01
5, 2020, 2, 9, 6, 554594, 70.839844, -30.345318, 9.739174e+04, 2.861943e+01
5, 2020, 2, 9, 9, 554525, 71.191406, -31.039379, 9.742044e+04, 2.761268e+01
5, 2020, 2, 9, 12, 554172, 71.718750, -31.914149, 9.756262e+04, 2.693232e+01
5, 2020, 2, 9, 15, 554138, 71.894531, -32.797318, 9.767846e+04, 2.718094e+01
5, 2020, 2, 9, 18, 554119, 72.070312, -33.331442, 9.760201e+04, 2.510885e+01
5, 2020, 2, 9, 21, 554028, 72.421875, -34.048752, 9.760290e+04, 2.311668e+01
5, 2020, 2, 10, 0, 553998, 72.949219, -34.590737, 9.777731e+04, 2.068364e+01
5, 2020, 2, 10, 3, 548523, 73.476562, -35.502013, 9.800866e+04, 2.126107e+01
5, 2020, 2, 10, 6, 548512, 73.828125, -36.238536, 9.797138e+04, 2.093214e+01
5, 2020, 2, 10, 9, 547799, 74.179688, -36.982065, 9.795722e+04, 2.072334e+01
5, 2020, 2, 10, 12, 547702, 74.707031, -37.921838, 9.797416e+04, 2.076975e+01
5, 2020, 2, 10, 15, 547675, 74.882812, -38.491495, 9.791969e+04, 2.071713e+01
5, 2020, 2, 10, 18, 547666, 75.058594, -39.065691, 9.779335e+04, 2.199066e+01
5, 2020, 2, 10, 21, 547653, 75.058594, -39.451095, 9.776059e+04, 2.195997e+01
5, 2020, 2, 11, 0, 547320, 75.585938, -39.644598, 9.790000e+04, 2.092776e+01
5, 2020, 2, 11, 3, 547315, 75.937500, -39.644598, 9.816760e+04, 2.048528e+01
5, 2020, 2, 11, 6, 547976, 76.992188, -39.644598, 9.843554e+04, 1.895889e+01
5, 2020, 2, 11, 9, 547886, 77.871094, -39.838644, 9.868329e+04, 1.781421e+01
5, 2020, 2, 11, 12, 547888, 78.750000, -40.033240, 9.894899e+04, 1.753830e+01
5, 2020, 2, 11, 15, 547859, 79.453125, -40.424109, 9.921019e+04, 1.674768e+01
5, 2020, 2, 11, 18, 546492, 80.156250, -40.817263, 9.939038e+04, 1.547374e+01
5, 2020, 2, 11, 21, 546485, 80.683594, -41.014715, 9.959266e+04, 1.403447e+01
5, 2020, 2, 12, 0, 546499, 81.562500, -41.212761, 9.986068e+04, 1.308070e+01
5, 2020, 2, 12, 3, 546414, 82.089844, -41.411408, 1.000583e+05, 1.253188e+01
6, 2020, 2, 2, 0, 427525, 160.839844, -11.415204, 1.001537e+05, 1.172492e+01
6, 2020, 2, 2, 3, 427195, 161.367188, -11.263025, 9.990921e+04, 1.436499e+01
6, 2020, 2, 2, 6, 427199, 161.718750, -10.958908, 1.000126e+05, 1.345695e+01
6, 2020, 2, 2, 9, 427241, 162.246094, -10.806967, 1.001746e+05, 1.139325e+01
6, 2020, 2, 2, 12, 427239, 162.773438, -10.655103, 1.000452e+05, 1.298566e+01
6, 2020, 2, 2, 15, 427228, 163.828125, -10.655103, 9.989065e+04, 1.358564e+01
6, 2020, 2, 2, 18, 427306, 164.707031, -10.806967, 9.996674e+04, 1.468266e+01
6, 2020, 2, 2, 21, 427297, 165.410156, -11.110927, 1.000646e+05, 1.418838e+01
6, 2020, 2, 3, 0, 427269, 166.464844, -11.415204, 9.994322e+04, 1.552702e+01
6, 2020, 2, 3, 3, 405389, 167.519531, -12.330035, 9.978904e+04, 1.525165e+01
6, 2020, 2, 3, 6, 405304, 168.398438, -12.788634, 9.986077e+04, 1.577452e+01
6, 2020, 2, 3, 9, 405275, 169.101562, -13.094829, 9.997754e+04, 1.678702e+01
6, 2020, 2, 3, 12, 404926, 169.980469, -13.554840, 9.970732e+04, 1.810392e+01
6, 2020, 2, 3, 15, 404960, 170.859375, -13.708373, 9.962637e+04, 1.792581e+01
6, 2020, 2, 3, 18, 404932, 171.914063, -14.015742, 9.965623e+04, 1.694109e+01
6, 2020, 2, 3, 21, 404839, 172.617188, -14.323523, 9.976532e+04, 1.748479e+01
6, 2020, 2, 4, 0, 403450, 173.847656, -15.094849, 9.943381e+04, 1.641686e+01
6, 2020, 2, 4, 3, 403422, 174.902344, -15.404157, 9.939870e+04, 1.779129e+01
6, 2020, 2, 4, 6, 403413, 175.605469, -15.713926, 9.950566e+04, 1.747766e+01
6, 2020, 2, 4, 9, 406050, 176.308594, -16.024166, 9.949277e+04, 1.786971e+01
6, 2020, 2, 4, 12, 406025, 177.011719, -16.334890, 9.949421e+04, 1.711869e+01
6, 2020, 2, 4, 15, 406020, 177.539062, -16.490437, 9.955720e+04, 1.685547e+01
6, 2020, 2, 4, 18, 405669, 178.417969, -16.957833, 9.982466e+04, 1.603124e+01
6, 2020, 2, 4, 21, 405636, 178.945313, -17.739438, 9.981380e+04, 1.773539e+01
6, 2020, 2, 5, 0, 405538, 179.121094, -18.524468, 9.928203e+04, 2.111016e+01
6, 2020, 2, 5, 3, 405538, 179.121094, -18.524468, 9.931631e+04, 1.930736e+01
6, 2020, 2, 5, 6, 405536, 179.296875, -18.681902, 9.961171e+04, 1.741612e+01
7, 2020, 2, 2, 18, 586347, 42.539062, -14.323523, 1.008898e+05, 1.039725e+01
7, 2020, 2, 2, 21, 586347, 42.539062, -14.323523, 1.006292e+05, 9.610111e+00
7, 2020, 2, 3, 0, 586433, 42.363281, -14.169580, 1.005313e+05, 1.116778e+01
7, 2020, 2, 3, 3, 586438, 42.363281, -13.862006, 1.005842e+05, 1.259322e+01
7, 2020, 2, 3, 6, 586438, 42.363281, -13.862006, 1.005878e+05, 1.220256e+01
7, 2020, 2, 3, 9, 586437, 42.714844, -13.862006, 1.003576e+05, 1.378891e+01
7, 2020, 2, 3, 12, 586362, 43.066406, -13.862006, 1.001804e+05, 1.640238e+01
7, 2020, 2, 3, 15, 586366, 43.417969, -13.554840, 1.001171e+05, 1.833272e+01
7, 2020, 2, 3, 18, 586367, 43.593750, -13.401405, 1.000038e+05, 1.738807e+01
7, 2020, 2, 3, 21, 586536, 43.945312, -13.401405, 9.975000e+04, 1.858916e+01
7, 2020, 2, 4, 0, 586538, 43.769531, -13.248069, 9.948759e+04, 2.007814e+01
7, 2020, 2, 4, 3, 586539, 43.945312, -13.094829, 9.965582e+04, 1.964313e+01
7, 2020, 2, 4, 6, 586539, 43.945312, -13.094829, 9.951627e+04, 2.203933e+01
7, 2020, 2, 4, 9, 586542, 44.121094, -12.941685, 9.921915e+04, 2.316403e+01
7, 2020, 2, 4, 12, 586541, 44.472656, -12.941685, 9.917122e+04, 2.302625e+01
7, 2020, 2, 4, 15, 586541, 44.472656, -12.941685, 9.921321e+04, 2.053004e+01
7, 2020, 2, 4, 18, 586541, 44.472656, -12.941685, 9.934794e+04, 1.969858e+01
7, 2020, 2, 4, 21, 586543, 44.296875, -12.788634, 9.910740e+04, 2.337357e+01
7, 2020, 2, 5, 0, 586541, 44.472656, -12.941685, 9.893750e+04, 2.448792e+01
7, 2020, 2, 5, 3, 586535, 44.648438, -13.094829, 9.888299e+04, 2.510473e+01
7, 2020, 2, 5, 6, 586532, 44.648438, -13.401405, 9.891775e+04, 2.386790e+01
7, 2020, 2, 5, 9, 586529, 44.472656, -13.554840, 9.867249e+04, 2.566203e+01
7, 2020, 2, 5, 12, 586528, 44.296875, -13.708373, 9.821216e+04, 2.698401e+01
7, 2020, 2, 5, 15, 586528, 44.296875, -13.708373, 9.811988e+04, 2.813177e+01
7, 2020, 2, 5, 18, 586529, 44.472656, -13.554840, 9.808616e+04, 3.267521e+01
7, 2020, 2, 5, 21, 586507, 44.648438, -13.708373, 9.770179e+04, 3.257721e+01
7, 2020, 2, 6, 0, 586498, 44.824219, -14.169580, 9.738762e+04, 3.451651e+01
7, 2020, 2, 6, 3, 586496, 45.000000, -14.323523, 9.721106e+04, 3.572899e+01
7, 2020, 2, 6, 6, 585983, 45.000000, -14.631727, 9.690502e+04, 3.809311e+01
7, 2020, 2, 6, 9, 586152, 45.351562, -14.631727, 9.637559e+04, 3.915279e+01
7, 2020, 2, 6, 12, 586144, 45.703125, -14.940364, 9.613529e+04, 4.004272e+01
7, 2020, 2, 6, 15, 586123, 46.054688, -14.940364, 9.568302e+04, 4.160830e+01
7, 2020, 2, 6, 18, 586121, 46.230469, -15.094849, 9.621346e+04, 4.259312e+01
7, 2020, 2, 6, 21, 586118, 46.582031, -15.094849, 9.673923e+04, 3.660439e+01
7, 2020, 2, 7, 0, 586042, 47.285156, -15.094849, 9.762359e+04, 2.971964e+01
7, 2020, 2, 7, 3, 586041, 47.636719, -15.094849, 9.868888e+04, 2.461375e+01
7, 2020, 2, 7, 6, 586044, 47.812500, -14.940364, 9.955804e+04, 1.994722e+01
7, 2020, 2, 7, 9, 586090, 47.988281, -14.477572, 1.001486e+05, 1.701130e+01
7, 2020, 2, 7, 12, 580598, 50.800781, -15.094849, 9.984965e+04, 1.793821e+01
7, 2020, 2, 7, 15, 581281, 51.503906, -14.785991, 9.975195e+04, 2.562794e+01
7, 2020, 2, 7, 18, 581272, 52.382813, -14.631727, 9.978287e+04, 2.465821e+01
7, 2020, 2, 7, 21, 581268, 53.085938, -14.631727, 9.958181e+04, 2.321515e+01
7, 2020, 2, 8, 0, 581225, 53.964844, -14.477572, 9.974482e+04, 2.028066e+01
7, 2020, 2, 8, 3, 581221, 54.667969, -14.477572, 9.994110e+04, 1.878356e+01
7, 2020, 2, 8, 6, 581208, 55.195312, -14.631727, 9.993344e+04, 1.747130e+01
8, 2020, 2, 3, 0, 341455, 98.437500, -8.536423, 1.007248e+05, 1.099046e+01
8, 2020, 2, 3, 12, 341461, 99.667969, -8.385573, 1.006420e+05, 1.133494e+01
8, 2020, 2, 3, 15, 341375, 99.843750, -8.536423, 1.006755e+05, 1.116459e+01
8, 2020, 2, 3, 18, 352389, 100.371094, -7.782746, 1.004449e+05, 1.399951e+01
8, 2020, 2, 3, 21, 352404, 100.898438, -7.331198, 1.003798e+05, 1.470203e+01
8, 2020, 2, 4, 0, 352363, 101.601562, -7.030422, 1.005519e+05, 1.592472e+01
8, 2020, 2, 4, 3, 352335, 102.656250, -7.331198, 1.004397e+05, 1.959216e+01
8, 2020, 2, 4, 6, 352336, 103.359375, -7.632177, 1.001698e+05, 1.950138e+01
8, 2020, 2, 4, 9, 346866, 103.886719, -8.084047, 1.001665e+05, 1.881701e+01
8, 2020, 2, 4, 12, 346842, 104.238281, -8.385573, 1.001327e+05, 1.935521e+01
8, 2020, 2, 4, 15, 346841, 104.589844, -8.385573, 1.001338e+05, 2.285810e+01
8, 2020, 2, 4, 18, 346747, 105.117188, -8.838303, 9.982023e+04, 2.475442e+01
8, 2020, 2, 4, 21, 346714, 105.644531, -9.594107, 9.982184e+04, 2.643040e+01
8, 2020, 2, 5, 0, 346706, 105.996094, -9.896894, 9.973727e+04, 2.727713e+01
8, 2020, 2, 5, 3, 346360, 106.523438, -10.351600, 9.972299e+04, 2.554666e+01
8, 2020, 2, 5, 6, 346352, 106.875000, -10.655103, 9.962293e+04, 2.355502e+01
8, 2020, 2, 5, 9, 346323, 107.578125, -10.958908, 9.972962e+04, 2.145826e+01
8, 2020, 2, 5, 12, 346235, 107.929688, -11.263025, 9.997152e+04, 2.157963e+01
8, 2020, 2, 5, 15, 346225, 108.457031, -11.719808, 1.000157e+05, 2.298122e+01
8, 2020, 2, 5, 18, 346201, 108.808594, -12.024748, 9.995575e+04, 2.425578e+01
8, 2020, 2, 5, 21, 344826, 109.160156, -12.635677, 1.001786e+05, 2.261173e+01
8, 2020, 2, 6, 0, 344807, 109.335938, -13.094829, 1.003583e+05, 2.107963e+01
8, 2020, 2, 6, 3, 344794, 109.863281, -13.248069, 1.004523e+05, 1.921177e+01
9, 2020, 2, 3, 15, 340733, 87.363281, -12.330035, 1.005422e+05, 1.682445e+01
9, 2020, 2, 3, 18, 340896, 87.890625, -12.482811, 1.004211e+05, 1.615989e+01
9, 2020, 2, 3, 21, 340868, 88.945312, -12.788634, 1.003893e+05, 1.422991e+01
9, 2020, 2, 4, 0, 340774, 89.472656, -13.248069, 1.002787e+05, 1.553140e+01
9, 2020, 2, 4, 3, 340750, 89.824219, -13.554840, 1.003337e+05, 1.572701e+01
9, 2020, 2, 4, 6, 340748, 90.000000, -13.708373, 1.001490e+05, 1.505571e+01
9, 2020, 2, 4, 9, 340742, 90.175781, -13.862006, 1.001226e+05, 1.420705e+01
9, 2020, 2, 4, 12, 340739, 90.000000, -14.015742, 1.003529e+05, 1.513573e+01
9, 2020, 2, 4, 15, 340745, 89.824219, -13.862006, 1.004480e+05, 1.796764e+01
9, 2020, 2, 4, 18, 340748, 90.000000, -13.708373, 1.002935e+05, 1.653483e+01
9, 2020, 2, 4, 21, 340749, 90.175781, -13.554840, 1.002746e+05, 1.605953e+01
9, 2020, 2, 5, 0, 340760, 90.351563, -13.401405, 1.004578e+05, 1.502648e+01
9, 2020, 2, 5, 3, 340764, 90.703125, -13.094829, 1.004917e+05, 1.408091e+01
9, 2020, 2, 5, 6, 340764, 90.703125, -13.094829, 1.003189e+05, 1.389670e+01
9, 2020, 2, 5, 9, 340808, 91.054688, -12.788634, 1.002288e+05, 1.394412e+01
9, 2020, 2, 5, 12, 340806, 91.582031, -12.635677, 1.003622e+05, 1.488838e+01
9, 2020, 2, 5, 15, 342078, 84.199219, -12.330035, 1.003729e+05, 1.429858e+01
9, 2020, 2, 5, 18, 342079, 84.375000, -12.177348, 9.991918e+04, 1.553464e+01
9, 2020, 2, 5, 21, 342079, 84.375000, -12.177348, 9.974891e+04, 1.686523e+01
9, 2020, 2, 6, 0, 342122, 84.550781, -12.024748, 9.983316e+04, 2.023823e+01
9, 2020, 2, 6, 3, 342123, 84.726563, -11.872236, 9.977523e+04, 2.106438e+01
9, 2020, 2, 6, 6, 342212, 84.726563, -11.567465, 9.944041e+04, 2.374347e+01
9, 2020, 2, 6, 9, 342224, 85.078125, -11.263025, 9.929400e+04, 2.389355e+01
9, 2020, 2, 6, 12, 342225, 85.253906, -11.110927, 9.947930e+04, 2.229310e+01
9, 2020, 2, 6, 15, 342229, 85.605469, -10.806967, 9.975871e+04, 2.145685e+01
9, 2020, 2, 6, 18, 342400, 85.781250, -10.655103, 9.945184e+04, 2.232915e+01
9, 2020, 2, 6, 21, 342315, 86.132812, -10.655103, 9.938075e+04, 2.231668e+01
9, 2020, 2, 7, 0, 342318, 86.308594, -10.503314, 9.949645e+04, 2.540839e+01
9, 2020, 2, 7, 3, 342317, 86.660156, -10.503314, 9.947788e+04, 2.383781e+01
9, 2020, 2, 7, 6, 342322, 87.011719, -10.503314, 9.933316e+04, 2.459999e+01
9, 2020, 2, 7, 9, 342321, 87.363281, -10.503314, 9.935034e+04, 2.538313e+01
9, 2020, 2, 7, 12, 342297, 87.714844, -10.806967, 9.961455e+04, 2.545924e+01
9, 2020, 2, 7, 15, 342294, 88.066406, -10.806967, 9.978668e+04, 2.654484e+01
9, 2020, 2, 7, 18, 342336, 88.593750, -10.655103, 9.978475e+04, 2.183370e+01
9, 2020, 2, 7, 21, 340971, 88.945312, -10.655103, 9.981003e+04, 2.043969e+01
9, 2020, 2, 8, 0, 340967, 89.648438, -10.655103, 9.998012e+04, 2.118423e+01
9, 2020, 2, 8, 3, 340943, 90.000000, -10.958908, 1.000338e+05, 1.901843e+01
9, 2020, 2, 8, 6, 340952, 90.351563, -10.958908, 9.990330e+04, 2.013802e+01
9, 2020, 2, 8, 9, 340945, 90.878906, -11.110927, 9.999759e+04, 2.047955e+01
9, 2020, 2, 8, 12, 340855, 91.757813, -11.263025, 1.002227e+05, 1.923249e+01
9, 2020, 2, 8, 15, 341514, 92.285156, -11.415204, 1.003055e+05, 1.892581e+01
9, 2020, 2, 8, 18, 341505, 92.988281, -11.719808, 1.001490e+05, 1.745381e+01
9, 2020, 2, 8, 21, 341164, 93.515625, -11.872236, 1.001531e+05, 1.929128e+01
9, 2020, 2, 9, 0, 341135, 94.218750, -12.177348, 1.003496e+05, 1.740561e+01
9, 2020, 2, 9, 3, 341136, 94.921875, -12.482811, 1.003411e+05, 1.699626e+01
9, 2020, 2, 9, 15, 335561, 98.261719, -13.862006, 1.004073e+05, 1.648731e+01
9, 2020, 2, 9, 18, 335469, 99.316406, -14.169580, 1.002460e+05, 1.558084e+01
9, 2020, 2, 9, 21, 335448, 100.195313, -14.631727, 1.002794e+05, 1.508067e+01
9, 2020, 2, 10, 0, 335094, 101.425781, -15.094849, 1.003773e+05, 1.622894e+01
9, 2020, 2, 10, 3, 335062, 102.128906, -15.713926, 1.002463e+05, 1.709798e+01
9, 2020, 2, 10, 6, 335057, 102.128906, -16.024166, 1.000910e+05, 1.765806e+01
10, 2020, 2, 5, 12, 649119, 128.671875, -16.490437, 1.001647e+05, 1.076675e+01
10, 2020, 2, 5, 15, 649190, 128.847656, -15.713926, 9.992363e+04, 1.603840e+01
10, 2020, 2, 5, 18, 649206, 129.550781, -15.094849, 9.980209e+04, 1.781315e+01
10, 2020, 2, 5, 21, 651906, 130.605469, -15.404157, 9.983943e+04, 1.669360e+01
10, 2020, 2, 6, 0, 651904, 130.781250, -15.558983, 9.987220e+04, 9.766161e+00
10, 2020, 2, 6, 3, 651810, 131.308594, -16.024166, 9.970434e+04, 7.494895e+00
10, 2020, 2, 6, 6, 649052, 131.484375, -16.801907, 9.959975e+04, 8.824075e+00
10, 2020, 2, 6, 9, 649052, 131.484375, -16.801907, 9.971116e+04, 9.431988e+00
10, 2020, 2, 6, 12, 649076, 131.132812, -16.490437, 9.973238e+04, 9.729366e+00
10, 2020, 2, 6, 15, 649079, 131.132812, -16.179467, 9.947035e+04, 9.563380e+00
10, 2020, 2, 6, 18, 651808, 131.484375, -16.179467, 9.942838e+04, 8.330899e+00
10, 2020, 2, 6, 21, 651809, 131.660156, -16.024166, 9.956377e+04, 8.241812e+00
10, 2020, 2, 7, 0, 651809, 131.660156, -16.024166, 9.965474e+04, 8.209395e+00
10, 2020, 2, 7, 3, 651809, 131.660156, -16.024166, 9.954359e+04, 8.909199e+00
10, 2020, 2, 7, 6, 651787, 131.835938, -16.179467, 9.945316e+04, 7.841600e+00
10, 2020, 2, 7, 9, 651787, 131.835938, -16.179467, 9.960888e+04, 7.615560e+00
10, 2020, 2, 7, 12, 651808, 131.484375, -16.179467, 9.973121e+04, 8.272359e+00
10, 2020, 2, 7, 15, 651808, 131.484375, -16.179467, 9.955469e+04, 8.501475e+00
10, 2020, 2, 7, 18, 651810, 131.308594, -16.024166, 9.959303e+04, 8.740972e+00
10, 2020, 2, 7, 21, 651810, 131.308594, -16.024166, 9.982679e+04, 7.927896e+00
10, 2020, 2, 8, 0, 651817, 131.308594, -15.713926, 9.993941e+04, 8.816777e+00
10, 2020, 2, 8, 3, 651815, 131.835938, -15.558983, 9.986881e+04, 9.878185e+00
10, 2020, 2, 8, 9, 651795, 132.890625, -15.868986, 9.997609e+04, 9.650059e+00
10, 2020, 2, 8, 12, 651451, 133.242188, -16.179467, 1.000848e+05, 8.348461e+00
10, 2020, 2, 8, 15, 651443, 133.593750, -16.490437, 9.994602e+04, 7.612219e+00
10, 2020, 2, 8, 18, 651440, 133.593750, -16.801907, 9.995277e+04, 7.036262e+00
10, 2020, 2, 8, 21, 651429, 133.417969, -16.957833, 1.001163e+05, 8.912640e+00
10, 2020, 2, 9, 0, 651433, 132.714844, -16.957833, 1.001639e+05, 9.371853e+00
10, 2020, 2, 9, 3, 651435, 132.539062, -16.801907, 1.000106e+05, 8.437748e+00
10, 2020, 2, 9, 12, 651784, 131.835938, -16.490437, 1.000489e+05, 8.238226e+00
10, 2020, 2, 9, 15, 649053, 131.660156, -16.646109, 9.980757e+04, 9.222402e+00
10, 2020, 2, 9, 18, 649054, 131.308594, -16.646109, 9.975210e+04, 9.580075e+00
10, 2020, 2, 9, 21, 649078, 130.957031, -16.334890, 9.986543e+04, 1.160995e+01
10, 2020, 2, 10, 0, 649085, 130.957031, -16.024166, 9.991427e+04, 1.651235e+01
10, 2020, 2, 10, 3, 651816, 131.132812, -15.868986, 9.972665e+04, 1.272101e+01
10, 2020, 2, 10, 6, 651817, 131.308594, -15.713926, 9.962481e+04, 8.555990e+00
10, 2020, 2, 10, 9, 651817, 131.308594, -15.713926, 9.977828e+04, 8.646945e+00
10, 2020, 2, 10, 12, 651811, 131.484375, -15.868986, 9.987429e+04, 8.371406e+00
10, 2020, 2, 10, 15, 651809, 131.660156, -16.024166, 9.965466e+04, 8.699991e+00
10, 2020, 2, 10, 18, 649052, 131.484375, -16.801907, 9.962103e+04, 9.988894e+00
10, 2020, 2, 10, 21, 649073, 130.957031, -16.646109, 9.979287e+04, 1.000328e+01
10, 2020, 2, 11, 0, 649156, 129.726562, -16.490437, 9.981938e+04, 1.067973e+01
10, 2020, 2, 11, 3, 649153, 129.550781, -16.646109, 9.960919e+04, 1.002316e+01
10, 2020, 2, 11, 6, 649117, 128.847656, -16.646109, 9.947657e+04, 9.375621e+00
10, 2020, 2, 11, 9, 649119, 128.671875, -16.490437, 9.962140e+04, 8.461996e+00
10, 2020, 2, 11, 12, 649118, 128.496094, -16.646109, 9.972260e+04, 8.043386e+00
10, 2020, 2, 11, 15, 649139, 127.968750, -16.490437, 9.950690e+04, 1.000448e+01
10, 2020, 2, 11, 18, 649144, 127.617188, -16.490437, 9.939395e+04, 1.037193e+01
10, 2020, 2, 11, 21, 649147, 127.617188, -16.179467, 9.952841e+04, 1.129733e+01
10, 2020, 2, 12, 0, 649145, 127.792969, -16.334890, 9.961212e+04, 1.157405e+01
10, 2020, 2, 12, 3, 649138, 127.792969, -16.646109, 9.941500e+04, 1.087833e+01
10, 2020, 2, 12, 6, 649131, 126.914063, -16.801907, 9.927300e+04, 1.024774e+01
10, 2020, 2, 12, 9, 649128, 126.914063, -17.113889, 9.937554e+04, 1.082972e+01
10, 2020, 2, 12, 12, 649134, 127.089844, -16.646109, 9.944452e+04, 1.052087e+01
10, 2020, 2, 12, 15, 649127, 127.617188, -16.801907, 9.926719e+04, 1.369798e+01
10, 2020, 2, 12, 18, 649100, 127.968750, -17.426395, 9.918016e+04, 1.051712e+01
10, 2020, 2, 12, 21, 649088, 127.968750, -18.053028, 9.931477e+04, 1.033114e+01
10, 2020, 2, 13, 0, 649094, 128.144531, -17.582849, 9.939565e+04, 1.026922e+01
10, 2020, 2, 13, 3, 648831, 127.968750, -18.367178, 9.918462e+04, 1.020515e+01
10, 2020, 2, 13, 6, 648915, 127.265625, -18.367178, 9.904879e+04, 1.169823e+01
10, 2020, 2, 13, 9, 648927, 127.265625, -17.739438, 9.915002e+04, 1.181589e+01
10, 2020, 2, 13, 12, 649124, 127.617188, -17.113889, 9.923582e+04, 1.208217e+01
10, 2020, 2, 13, 15, 649125, 127.792969, -16.957833, 9.912488e+04, 1.307786e+01
10, 2020, 2, 13, 18, 649114, 128.144531, -16.957833, 9.907426e+04, 1.244123e+01
10, 2020, 2, 13, 21, 649106, 128.496094, -17.270076, 9.924415e+04, 1.096604e+01
10, 2020, 2, 14, 0, 649093, 128.496094, -17.582849, 9.936285e+04, 1.088109e+01
10, 2020, 2, 14, 3, 649092, 128.320312, -17.739438, 9.919925e+04, 1.087315e+01
10, 2020, 2, 14, 6, 649092, 128.320312, -17.739438, 9.916888e+04, 1.195759e+01
10, 2020, 2, 14, 9, 649006, 128.496094, -17.896163, 9.940100e+04, 1.186290e+01
10, 2020, 2, 14, 12, 648995, 128.671875, -18.367178, 9.963088e+04, 1.354503e+01
10, 2020, 2, 14, 15, 648821, 128.496094, -18.839483, 9.960531e+04, 1.461690e+01
10, 2020, 2, 14, 18, 648817, 128.144531, -19.155090, 9.965877e+04, 1.401354e+01
10, 2020, 2, 14, 21, 648805, 127.792969, -19.471302, 9.984501e+04, 1.228277e+01
10, 2020, 2, 15, 0, 648804, 127.617188, -19.629639, 9.997291e+04, 1.197944e+01
10, 2020, 2, 15, 3, 648800, 127.265625, -19.946783, 9.992550e+04, 1.203431e+01
10, 2020, 2, 15, 6, 648757, 127.089844, -20.105594, 9.992530e+04, 1.184513e+01
10, 2020, 2, 15, 9, 648758, 126.738281, -20.105594, 1.001422e+05, 1.368877e+01
10, 2020, 2, 15, 12, 648758, 126.738281, -20.105594, 1.003355e+05, 1.232493e+01
10, 2020, 2, 15, 15, 648761, 126.386719, -20.105594, 1.002526e+05, 1.074245e+01
11, 2020, 2, 5, 18, 340818, 91.933594, -12.330035, 1.002362e+05, 1.541967e+01
11, 2020, 2, 5, 21, 340819, 92.109375, -12.177348, 1.002181e+05, 1.562105e+01
11, 2020, 2, 6, 0, 340828, 92.109375, -11.872236, 1.003346e+05, 1.622020e+01
11, 2020, 2, 6, 3, 340823, 92.460938, -11.872236, 1.002764e+05, 1.810979e+01
11, 2020, 2, 6, 6, 341506, 92.636719, -11.719808, 1.001276e+05, 1.814825e+01
11, 2020, 2, 6, 9, 341505, 92.988281, -11.719808, 1.000695e+05, 1.910642e+01
11, 2020, 2, 6, 12, 341166, 93.339844, -11.719808, 1.001596e+05, 1.919581e+01
11, 2020, 2, 6, 15, 341167, 93.515625, -11.567465, 1.001540e+05, 1.991317e+01
11, 2020, 2, 6, 18, 341176, 93.867188, -11.567465, 9.992795e+04, 1.937350e+01
11, 2020, 2, 6, 21, 341168, 94.218750, -11.872236, 9.996462e+04, 2.062093e+01
11, 2020, 2, 7, 0, 341147, 94.570312, -11.872236, 1.000178e+05, 2.136323e+01
11, 2020, 2, 7, 3, 341142, 95.097656, -12.024748, 9.998932e+04, 1.906658e+01
11, 2020, 2, 7, 6, 341140, 95.273438, -12.177348, 9.996359e+04, 1.943923e+01
11, 2020, 2, 7, 9, 341047, 95.976562, -12.482811, 9.971406e+04, 2.031289e+01
11, 2020, 2, 7, 12, 341066, 96.503906, -12.635677, 9.976494e+04, 2.134318e+01
11, 2020, 2, 7, 15, 341059, 97.031250, -12.788634, 9.993973e+04, 2.009980e+01
11, 2020, 2, 7, 18, 335598, 97.558594, -12.941685, 9.963279e+04, 2.026806e+01
11, 2020, 2, 7, 21, 335589, 98.261719, -13.248069, 9.961662e+04, 1.984266e+01
11, 2020, 2, 8, 0, 335577, 98.964844, -13.248069, 9.990415e+04, 2.092169e+01
11, 2020, 2, 8, 3, 335486, 99.667969, -13.554840, 9.939923e+04, 2.057049e+01
11, 2020, 2, 8, 6, 335479, 100.195313, -13.708373, 9.973238e+04, 2.103170e+01
11, 2020, 2, 8, 9, 335624, 100.898438, -14.015742, 9.987087e+04, 1.998763e+01
11, 2020, 2, 8, 12, 335274, 101.425781, -14.477572, 1.001495e+05, 1.957351e+01
11, 2020, 2, 8, 15, 335268, 102.304687, -14.631727, 1.002283e+05, 1.787939e+01
11, 2020, 2, 8, 18, 335248, 103.359375, -14.940364, 9.996645e+04, 1.886913e+01
11, 2020, 2, 8, 21, 335164, 104.062500, -14.940364, 9.980088e+04, 2.021407e+01
11, 2020, 2, 9, 0, 335157, 104.589844, -15.094849, 1.001816e+05, 2.059682e+01
11, 2020, 2, 9, 3, 335127, 105.117188, -15.558983, 1.002211e+05, 1.849558e+01
11, 2020, 2, 9, 6, 333800, 105.820312, -15.868986, 1.000381e+05, 1.630220e+01
11, 2020, 2, 9, 9, 333774, 106.699219, -16.024166, 1.001877e+05, 1.543259e+01
11, 2020, 2, 9, 12, 333767, 107.226563, -16.179467, 1.001920e+05, 1.503132e+01
11, 2020, 2, 9, 15, 333690, 107.753906, -16.334890, 1.002416e+05, 1.577516e+01
11, 2020, 2, 9, 18, 333684, 108.632812, -16.490437, 1.000765e+05, 1.528083e+01
11, 2020, 2, 9, 21, 344584, 109.335938, -16.490437, 1.001411e+05, 1.661555e+01
11, 2020, 2, 10, 0, 344580, 110.039063, -16.490437, 1.002591e+05, 1.726384e+01
11, 2020, 2, 10, 3, 344243, 111.093750, -16.490437, 1.002160e+05, 1.798256e+01
11, 2020, 2, 10, 6, 344223, 111.796875, -16.490437, 1.001256e+05, 1.789897e+01
11, 2020, 2, 10, 9, 344258, 112.324219, -16.646109, 1.000613e+05, 2.045726e+01
11, 2020, 2, 10, 12, 344174, 113.027344, -16.646109, 1.003300e+05, 1.919878e+01
11, 2020, 2, 10, 15, 344176, 113.906250, -16.801907, 1.003872e+05, 1.578591e+01
12, 2020, 2, 6, 12, 426279, 159.960938, -15.558983, 1.001613e+05, 1.498470e+01
12, 2020, 2, 6, 15, 426292, 160.664062, -15.249446, 1.000168e+05, 1.462171e+01
12, 2020, 2, 6, 18, 426314, 161.191406, -15.094849, 1.001214e+05, 1.395995e+01
12, 2020, 2, 6, 21, 404435, 163.828125, -15.868986, 1.001196e+05, 1.298942e+01
12, 2020, 2, 7, 0, 404432, 163.828125, -16.179467, 9.996180e+04, 1.398173e+01
12, 2020, 2, 7, 3, 404347, 164.179688, -16.179467, 9.986012e+04, 1.365246e+01
12, 2020, 2, 7, 6, 404339, 164.531250, -16.490437, 9.992398e+04, 1.374512e+01
12, 2020, 2, 7, 9, 404340, 164.882813, -16.490437, 1.000646e+05, 1.453491e+01
12, 2020, 2, 7, 12, 404315, 164.882813, -16.801907, 9.992454e+04, 1.548096e+01
12, 2020, 2, 7, 15, 404318, 165.058594, -16.646109, 9.973907e+04, 1.604086e+01
12, 2020, 2, 7, 18, 403964, 165.937500, -17.426395, 9.970903e+04, 1.751885e+01
12, 2020, 2, 7, 21, 403953, 166.113281, -17.896163, 9.970915e+04, 1.832941e+01
12, 2020, 2, 8, 0, 403928, 166.289063, -18.367178, 9.953035e+04, 2.105890e+01
12, 2020, 2, 8, 3, 403909, 166.464844, -18.839483, 9.928190e+04, 2.205496e+01
12, 2020, 2, 8, 6, 403823, 166.640625, -18.997211, 9.904234e+04, 2.503922e+01
12, 2020, 2, 8, 9, 403820, 166.640625, -19.313119, 9.907638e+04, 2.827745e+01
12, 2020, 2, 8, 12, 403809, 166.816406, -19.788132, 9.903102e+04, 2.426816e+01
12, 2020, 2, 8, 15, 403741, 166.816406, -20.423701, 9.895763e+04, 2.336250e+01
12, 2020, 2, 8, 18, 403734, 166.816406, -20.742467, 9.903759e+04, 2.319802e+01
12, 2020, 2, 8, 21, 402362, 166.816406, -21.382032, 9.918481e+04, 2.253791e+01
12, 2020, 2, 9, 0, 402343, 166.992188, -21.863542, 9.920460e+04, 2.337209e+01
12, 2020, 2, 9, 3, 402315, 166.992188, -22.508099, 9.909203e+04, 2.230601e+01
12, 2020, 2, 9, 6, 402304, 167.343750, -23.155675, 9.921200e+04, 2.222495e+01
12, 2020, 2, 9, 9, 402045, 167.519531, -23.643414, 9.923825e+04, 2.277942e+01
12, 2020, 2, 9, 12, 402012, 168.046875, -24.460396, 9.928643e+04, 2.252753e+01
12, 2020, 2, 9, 15, 401645, 168.222656, -25.613193, 9.910441e+04, 2.189614e+01
12, 2020, 2, 9, 18, 401614, 168.574219, -26.276925, 9.903366e+04, 2.329582e+01
12, 2020, 2, 9, 21, 401514, 168.925781, -27.279731, 9.904777e+04, 2.565804e+01
12, 2020, 2, 10, 0, 401438, 169.277344, -28.291673, 9.916784e+04, 2.276892e+01
12, 2020, 2, 10, 3, 395963, 169.804688, -29.142352, 9.926938e+04, 2.222831e+01
12, 2020, 2, 10, 6, 395923, 170.859375, -30.172575, 9.946852e+04, 2.113515e+01
12, 2020, 2, 10, 9, 395813, 171.386719, -31.388308, 9.966868e+04, 2.088484e+01
13, 2020, 2, 8, 0, 89440, 177.026493, 47.553806, 9.591187e+04, 1.756023e+01
13, 2020, 2, 8, 3, 89418, 177.039535, 47.357702, 9.576972e+04, 1.750210e+01
13, 2020, 2, 8, 6, 89365, 176.702648, 46.571966, 9.586209e+04, 1.745520e+01
13, 2020, 2, 8, 9, 87997, 176.730831, 46.178296, 9.584329e+04, 1.721058e+01
13, 2020, 2, 8, 12, 88009, 177.521249, 45.784083, 9.585396e+04, 1.758022e+01
13, 2020, 2, 8, 15, 87920, 178.682073, 45.191727, 9.586421e+04, 1.742350e+01
13, 2020, 2, 8, 18, 87924, 179.430446, 45.586775, 9.593830e+04, 1.575546e+01
13, 2020, 2, 8, 21, 87932, 179.425598, 45.981266, 9.604606e+04, 1.615206e+01
13, 2020, 2, 9, 0, 87934, 179.423143, 46.178305, 9.605025e+04, 1.682304e+01
13, 2020, 2, 9, 3, 88019, 179.034400, 46.375206, 9.609416e+04, 1.719630e+01
13, 2020, 2, 9, 6, 88017, 179.038527, 46.178303, 9.622481e+04, 1.686304e+01
13, 2020, 2, 9, 9, 88017, 179.038527, 46.178303, 9.629240e+04, 1.735793e+01
13, 2020, 2, 9, 12, 88017, 179.038527, 46.178303, 9.634038e+04, 1.787103e+01
13, 2020, 2, 9, 15, 88020, 179.420666, 46.375208, 9.638660e+04, 1.719090e+01
13, 2020, 2, 9, 18, 88017, 179.038527, 46.178303, 9.651129e+04, 1.769506e+01
13, 2020, 2, 9, 21, 87932, 179.425598, 45.981266, 9.658051e+04, 1.688008e+01
13, 2020, 2, 10, 0, 87927, 179.808577, 45.981267, 9.656838e+04, 1.585492e+01
13, 2020, 2, 10, 3, 175039, 180.193067, 46.375209, 9.661793e+04, 1.363352e+01
13, 2020, 2, 10, 6, 175031, 180.957382, 45.981264, 9.674180e+04, 1.367394e+01
13, 2020, 2, 10, 9, 175051, 181.723340, 45.981262, 9.679282e+04, 1.428079e+01
13, 2020, 2, 10, 12, 175058, 182.499937, 46.178298, 9.679898e+04, 1.481662e+01
13, 2020, 2, 10, 15, 174975, 183.283200, 46.375198, 9.682615e+04, 1.480808e+01
13, 2020, 2, 10, 18, 175654, 184.073216, 46.571964, 9.695391e+04, 1.425312e+01
13, 2020, 2, 10, 21, 175643, 184.870071, 46.768594, 9.705185e+04, 1.468004e+01
13, 2020, 2, 11, 0, 175684, 186.091646, 47.161457, 9.706035e+04, 1.415621e+01
13, 2020, 2, 11, 3, 175356, 186.938270, 47.553793, 9.716594e+04, 1.461723e+01
14, 2020, 2, 9, 15, 361097, 63.105469, -15.094849, 1.004805e+05, 1.409018e+01
14, 2020, 2, 9, 18, 361094, 63.457031, -15.094849, 1.004899e+05, 1.362702e+01
14, 2020, 2, 10, 3, 361012, 65.039062, -15.249446, 1.007495e+05, 1.250449e+01
14, 2020, 2, 10, 9, 360682, 66.269531, -15.713926, 1.006479e+05, 1.220348e+01
14, 2020, 2, 10, 12, 360649, 67.324219, -16.334890, 1.007756e+05, 1.153787e+01
14, 2020, 2, 10, 15, 360544, 68.203125, -17.426395, 1.008539e+05, 1.133918e+01
14, 2020, 2, 10, 18, 360544, 68.203125, -17.426395, 1.006906e+05, 1.282031e+01
14, 2020, 2, 10, 21, 360523, 68.554688, -17.426395, 1.004577e+05, 1.339869e+01
14, 2020, 2, 11, 0, 360526, 68.730469, -17.270076, 1.004251e+05, 1.520614e+01
14, 2020, 2, 11, 3, 360527, 68.906250, -17.113889, 1.004204e+05, 1.578993e+01
14, 2020, 2, 11, 6, 360527, 68.906250, -17.113889, 1.002566e+05, 1.479392e+01
14, 2020, 2, 11, 9, 360538, 69.082031, -16.957833, 1.000396e+05, 1.739135e+01
14, 2020, 2, 11, 12, 360538, 69.082031, -16.957833, 9.993466e+04, 1.902218e+01
14, 2020, 2, 11, 15, 360539, 69.257812, -16.801907, 1.000213e+05, 1.687649e+01
14, 2020, 2, 11, 18, 360539, 69.257812, -16.801907, 1.000348e+05, 1.769170e+01
14, 2020, 2, 11, 21, 360539, 69.257812, -16.801907, 9.978280e+04, 1.963184e+01
14, 2020, 2, 12, 0, 360538, 69.082031, -16.957833, 9.978782e+04, 1.809296e+01
14, 2020, 2, 12, 3, 360538, 69.082031, -16.957833, 9.989038e+04, 2.141508e+01
14, 2020, 2, 12, 6, 360527, 68.906250, -17.113889, 9.979923e+04, 2.148001e+01
14, 2020, 2, 12, 9, 360549, 68.730469, -16.957833, 9.973309e+04, 2.177134e+01
14, 2020, 2, 12, 12, 360548, 68.554688, -17.113889, 9.981974e+04, 1.925124e+01
14, 2020, 2, 12, 15, 360548, 68.554688, -17.113889, 1.000172e+05, 2.002952e+01
14, 2020, 2, 12, 18, 360545, 68.378906, -17.270076, 9.993569e+04, 1.885454e+01
14, 2020, 2, 12, 21, 360544, 68.203125, -17.426395, 9.994152e+04, 1.773833e+01
14, 2020, 2, 13, 0, 360500, 67.851562, -17.739438, 1.000778e+05, 1.599563e+01
14, 2020, 2, 13, 3, 360504, 67.148438, -17.739438, 1.003074e+05, 1.569405e+01
14, 2020, 2, 13, 6, 360580, 66.445312, -17.739438, 1.002777e+05, 1.524520e+01
14, 2020, 2, 13, 9, 360578, 65.917969, -17.896163, 1.001469e+05, 1.466785e+01
14, 2020, 2, 13, 12, 579061, 65.214844, -17.582849, 1.001243e+05, 1.544411e+01
14, 2020, 2, 13, 15, 579068, 64.687500, -17.426395, 1.002354e+05, 1.567210e+01
14, 2020, 2, 13, 18, 579410, 63.808594, -17.270076, 1.001532e+05, 1.607563e+01
14, 2020, 2, 13, 21, 579405, 63.457031, -17.270076, 9.997498e+04, 1.739264e+01
14, 2020, 2, 14, 0, 579437, 62.753906, -16.646109, 9.973743e+04, 1.906991e+01
14, 2020, 2, 14, 3, 579439, 62.578125, -16.490437, 9.989277e+04, 1.815127e+01
14, 2020, 2, 14, 6, 579523, 61.875000, -16.490437, 9.983256e+04, 1.658279e+01
14, 2020, 2, 14, 9, 579528, 61.523438, -16.490437, 9.964847e+04, 1.856336e+01
14, 2020, 2, 14, 12, 579509, 60.996094, -16.334890, 9.970994e+04, 1.798615e+01
14, 2020, 2, 14, 15, 579510, 60.644531, -16.334890, 9.957112e+04, 2.038101e+01
14, 2020, 2, 14, 18, 580881, 59.941406, -16.024166, 9.913772e+04, 2.200947e+01
14, 2020, 2, 14, 21, 580888, 59.414062, -15.868986, 9.903012e+04, 2.133174e+01
14, 2020, 2, 15, 0, 580879, 59.062500, -15.868986, 9.887354e+04, 2.286825e+01
14, 2020, 2, 15, 3, 580902, 58.535156, -15.713926, 9.880970e+04, 2.389888e+01
14, 2020, 2, 15, 6, 580907, 58.007813, -15.558983, 9.873065e+04, 2.447225e+01
14, 2020, 2, 15, 9, 580995, 57.656250, -15.249446, 9.805254e+04, 2.846339e+01
14, 2020, 2, 15, 12, 581001, 57.480469, -15.094849, 9.789377e+04, 2.725226e+01
14, 2020, 2, 15, 15, 581002, 57.128906, -15.094849, 9.788010e+04, 2.909367e+01
14, 2020, 2, 15, 18, 581026, 56.777344, -14.785991, 9.742804e+04, 3.234151e+01
14, 2020, 2, 15, 21, 580863, 56.250000, -14.631727, 9.667798e+04, 3.259108e+01
14, 2020, 2, 16, 0, 581207, 55.898438, -14.323523, 9.628376e+04, 3.454924e+01
14, 2020, 2, 16, 3, 581213, 55.722656, -14.169580, 9.613019e+04, 3.692838e+01
14, 2020, 2, 16, 6, 581237, 55.371094, -13.862006, 9.565916e+04, 3.996996e+01
14, 2020, 2, 16, 9, 581239, 55.195312, -13.708373, 9.517088e+04, 4.305865e+01
14, 2020, 2, 16, 12, 581245, 55.019531, -13.554840, 9.477391e+04, 4.422802e+01
14, 2020, 2, 16, 15, 581247, 54.843750, -13.401405, 9.435860e+04, 4.474525e+01
14, 2020, 2, 16, 18, 581506, 54.667969, -12.941685, 9.450420e+04, 4.657906e+01
14, 2020, 2, 16, 21, 581507, 54.843750, -12.788634, 9.402743e+04, 4.730670e+01
14, 2020, 2, 17, 0, 581516, 54.843750, -12.482811, 9.371119e+04, 4.791801e+01
14, 2020, 2, 17, 3, 581516, 54.843750, -12.482811, 9.377835e+04, 4.700081e+01
14, 2020, 2, 17, 6, 581511, 55.195312, -12.482811, 9.304374e+04, 4.908241e+01
14, 2020, 2, 17, 9, 581520, 55.546875, -12.482811, 9.314671e+04, 4.828616e+01
14, 2020, 2, 17, 12, 581520, 55.546875, -12.482811, 9.305493e+04, 4.841713e+01
14, 2020, 2, 17, 15, 581435, 55.898438, -12.482811, 9.212021e+04, 5.137152e+01
14, 2020, 2, 17, 18, 581436, 56.250000, -12.482811, 9.272559e+04, 4.828170e+01
14, 2020, 2, 17, 21, 581474, 56.777344, -12.330035, 9.254102e+04, 4.583499e+01
14, 2020, 2, 18, 0, 581451, 57.304688, -12.482811, 9.238034e+04, 4.501039e+01
14, 2020, 2, 18, 3, 581443, 57.656250, -12.788634, 9.195434e+04, 4.629932e+01
14, 2020, 2, 18, 6, 581102, 58.183594, -12.941685, 9.209152e+04, 4.519442e+01
14, 2020, 2, 18, 9, 581094, 58.535156, -13.248069, 9.168134e+04, 4.636641e+01
14, 2020, 2, 18, 12, 581071, 59.062500, -13.401405, 9.164240e+04, 4.651444e+01
14, 2020, 2, 18, 15, 581063, 59.414062, -13.708373, 9.206194e+04, 4.819321e+01
14, 2020, 2, 18, 18, 580984, 60.117188, -14.015742, 9.216755e+04, 4.869788e+01
14, 2020, 2, 18, 21, 580954, 60.644531, -14.477572, 9.221223e+04, 5.370088e+01
14, 2020, 2, 19, 0, 580946, 60.996094, -14.785991, 9.219593e+04, 5.155143e+01
14, 2020, 2, 19, 3, 579578, 61.347656, -15.094849, 9.251605e+04, 5.353534e+01
14, 2020, 2, 19, 6, 579570, 61.699219, -15.404157, 9.289143e+04, 5.114914e+01
14, 2020, 2, 19, 9, 579546, 62.050781, -15.713926, 9.285022e+04, 4.921087e+01
14, 2020, 2, 19, 12, 579536, 62.578125, -16.179467, 9.281812e+04, 5.119727e+01
14, 2020, 2, 19, 15, 579442, 63.105469, -16.646109, 9.313884e+04, 5.060423e+01
14, 2020, 2, 19, 18, 579418, 63.457031, -16.957833, 9.337496e+04, 4.600299e+01
14, 2020, 2, 19, 21, 579397, 63.808594, -17.582849, 9.355729e+04, 4.448486e+01
14, 2020, 2, 20, 0, 579047, 64.335938, -18.053028, 9.376362e+04, 4.211425e+01
14, 2020, 2, 20, 3, 579020, 64.687500, -18.681902, 9.413371e+04, 4.010341e+01
14, 2020, 2, 20, 6, 578922, 64.863281, -19.471302, 9.383462e+04, 4.310977e+01
14, 2020, 2, 20, 9, 578869, 65.214844, -20.105594, 9.365695e+04, 4.542728e+01
14, 2020, 2, 20, 12, 578838, 65.566406, -20.742467, 9.390763e+04, 4.484988e+01
14, 2020, 2, 20, 15, 556987, 65.742188, -21.221882, 9.415312e+04, 4.418401e+01
14, 2020, 2, 20, 18, 556978, 65.917969, -21.702861, 9.485171e+04, 3.690841e+01
14, 2020, 2, 20, 21, 556940, 66.093750, -22.508099, 9.478125e+04, 4.220380e+01
14, 2020, 2, 21, 0, 556934, 66.269531, -22.669705, 9.518890e+04, 3.997261e+01
14, 2020, 2, 21, 3, 556844, 66.796875, -23.155675, 9.599798e+04, 3.401645e+01
14, 2020, 2, 21, 6, 556811, 67.148438, -23.806397, 9.640622e+04, 2.880166e+01
14, 2020, 2, 21, 9, 556800, 67.500000, -24.460396, 9.667198e+04, 2.888604e+01
14, 2020, 2, 21, 12, 556278, 67.675781, -25.282711, 9.678495e+04, 2.953109e+01
14, 2020, 2, 21, 15, 556276, 67.851562, -25.447839, 9.715671e+04, 2.865530e+01
14, 2020, 2, 21, 18, 556246, 68.378906, -25.944591, 9.747069e+04, 2.842974e+01
14, 2020, 2, 21, 21, 556147, 68.906250, -26.777221, 9.747987e+04, 2.729632e+01
14, 2020, 2, 22, 0, 556120, 69.257812, -27.447738, 9.759271e+04, 2.802960e+01
14, 2020, 2, 22, 3, 556101, 69.433594, -27.953309, 9.773475e+04, 2.709216e+01
14, 2020, 2, 22, 6, 554738, 70.136719, -28.291673, 9.785773e+04, 2.665821e+01
14, 2020, 2, 22, 9, 554706, 70.839844, -28.971660, 9.789909e+04, 2.550810e+01
14, 2020, 2, 22, 12, 554608, 71.718750, -29.827991, 9.800825e+04, 2.493695e+01
14, 2020, 2, 22, 15, 554234, 72.597656, -30.691725, 9.816256e+04, 2.319382e+01
14, 2020, 2, 22, 18, 554189, 73.300781, -31.738538, 9.811779e+04, 2.312912e+01
14, 2020, 2, 22, 21, 554086, 74.003906, -32.797318, 9.799837e+04, 2.297187e+01
14, 2020, 2, 23, 0, 554052, 74.882812, -33.689349, 9.799204e+04, 2.221347e+01
14, 2020, 2, 23, 3, 548558, 75.761719, -34.590737, 9.800162e+04, 2.336456e+01
14, 2020, 2, 23, 6, 548466, 77.167969, -35.318940, 9.799194e+04, 2.427558e+01
14, 2020, 2, 23, 9, 548093, 78.925781, -36.053761, 9.805021e+04, 2.274574e+01
14, 2020, 2, 23, 12, 548136, 80.507812, -37.356560, 9.820070e+04, 2.161645e+01
15, 2020, 2, 14, 0, 401033, 186.855469, -15.094849, 1.002198e+05, 1.281468e+01
15, 2020, 2, 14, 15, 400247, 187.382812, -16.179467, 1.002608e+05, 1.261126e+01
15, 2020, 2, 15, 6, 406309, 179.824219, -13.248069, 1.002191e+05, 1.525645e+01
15, 2020, 2, 15, 9, 406296, 180.351562, -13.401405, 1.002735e+05, 1.539978e+01
15, 2020, 2, 15, 12, 405927, 181.054688, -14.323523, 1.000510e+05, 1.698905e+01
15, 2020, 2, 15, 15, 405906, 181.933594, -14.785991, 1.000209e+05, 1.701692e+01
15, 2020, 2, 15, 18, 405774, 182.636719, -16.024166, 1.000607e+05, 1.972189e+01
15, 2020, 2, 15, 21, 405772, 182.812500, -16.179467, 9.991615e+04, 1.907208e+01
15, 2020, 2, 16, 0, 400270, 184.042969, -17.270076, 9.971302e+04, 1.984778e+01
15, 2020, 2, 16, 3, 400268, 184.218750, -17.426395, 9.947596e+04, 2.047453e+01
15, 2020, 2, 16, 6, 400169, 184.746094, -18.210032, 9.945588e+04, 2.115141e+01
15, 2020, 2, 16, 9, 400142, 185.449219, -18.524468, 9.925450e+04, 2.198653e+01
15, 2020, 2, 16, 12, 399790, 186.152344, -19.155090, 9.903890e+04, 2.308040e+01
15, 2020, 2, 16, 15, 399755, 186.679688, -19.946783, 9.920521e+04, 2.259197e+01
15, 2020, 2, 16, 18, 399487, 187.031250, -20.902101, 9.923793e+04, 2.039311e+01
15, 2020, 2, 16, 21, 399476, 187.382812, -21.542358, 9.914406e+04, 1.994474e+01
15, 2020, 2, 17, 0, 399443, 187.734375, -22.185451, 9.913377e+04, 2.142029e+01
15, 2020, 2, 17, 3, 398066, 188.261719, -22.993491, 9.891648e+04, 2.159745e+01
15, 2020, 2, 17, 6, 398029, 188.613281, -23.643414, 9.913127e+04, 2.148254e+01
15, 2020, 2, 17, 9, 397934, 188.964844, -24.296581, 9.924184e+04, 2.090429e+01
15, 2020, 2, 17, 12, 397902, 189.667969, -24.953127, 9.899900e+04, 2.133346e+01
15, 2020, 2, 18, 0, 703158, 192.832031, -29.313328, 9.955093e+04, 1.999938e+01
15, 2020, 2, 18, 3, 703126, 193.535156, -30.000133, 9.935140e+04, 2.077758e+01
15, 2020, 2, 18, 9, 702654, 195.292969, -31.738538, 9.955604e+04, 2.092838e+01
16, 2020, 2, 18, 12, 339881, 76.464844, -12.024748, 1.005490e+05, 1.438986e+01
16, 2020, 2, 18, 15, 339847, 77.695312, -12.482811, 1.005901e+05, 1.395106e+01
16, 2020, 2, 18, 18, 339763, 78.750000, -12.788634, 1.003579e+05, 1.615771e+01
16, 2020, 2, 18, 21, 339739, 79.101562, -13.094829, 9.996562e+04, 1.776180e+01
16, 2020, 2, 19, 0, 339737, 79.277344, -13.248069, 9.992968e+04, 1.715581e+01
16, 2020, 2, 19, 3, 339731, 79.453125, -13.401405, 9.992016e+04, 1.803392e+01
16, 2020, 2, 19, 6, 339734, 79.628906, -13.248069, 9.974925e+04, 1.923496e+01
16, 2020, 2, 19, 9, 339733, 79.980469, -13.248069, 9.975465e+04, 2.081979e+01
16, 2020, 2, 19, 12, 339426, 80.683594, -13.554840, 9.967248e+04, 2.037425e+01
16, 2020, 2, 19, 15, 339425, 81.035156, -13.554840, 9.976423e+04, 2.157376e+01
16, 2020, 2, 19, 18, 339406, 81.386719, -13.554840, 9.958857e+04, 2.400833e+01
16, 2020, 2, 19, 21, 339396, 81.914062, -14.015742, 9.945871e+04, 2.437731e+01
16, 2020, 2, 20, 0, 339397, 82.089844, -13.862006, 9.943622e+04, 2.647074e+01
16, 2020, 2, 20, 3, 339311, 82.265625, -14.015742, 9.931171e+04, 2.938677e+01
16, 2020, 2, 20, 6, 339320, 82.617188, -14.015742, 9.911996e+04, 2.883347e+01
16, 2020, 2, 20, 9, 339312, 82.968750, -14.323523, 9.906009e+04, 2.723899e+01
16, 2020, 2, 20, 12, 339290, 83.144531, -14.477572, 9.923441e+04, 2.570536e+01
16, 2020, 2, 20, 15, 339290, 83.144531, -14.477572, 9.937704e+04, 2.453545e+01
16, 2020, 2, 20, 18, 339312, 82.968750, -14.323523, 9.875991e+04, 2.781173e+01
16, 2020, 2, 20, 21, 339312, 82.968750, -14.323523, 9.833712e+04, 2.843359e+01
16, 2020, 2, 21, 0, 339313, 83.144531, -14.169580, 9.847998e+04, 2.680939e+01
16, 2020, 2, 21, 3, 339324, 82.968750, -13.708373, 9.829173e+04, 3.109637e+01
16, 2020, 2, 21, 6, 339324, 82.968750, -13.708373, 9.764316e+04, 3.461119e+01
16, 2020, 2, 21, 9, 339324, 82.968750, -13.708373, 9.773799e+04, 3.281430e+01
16, 2020, 2, 21, 12, 339327, 82.968750, -13.401405, 9.756080e+04, 3.251680e+01
16, 2020, 2, 21, 15, 339413, 82.792969, -13.248069, 9.752872e+04, 3.436513e+01
16, 2020, 2, 21, 18, 339412, 82.617188, -13.401405, 9.742047e+04, 3.245883e+01
16, 2020, 2, 21, 21, 339414, 82.441406, -13.248069, 9.673465e+04, 3.680638e+01
16, 2020, 2, 22, 0, 339417, 82.089844, -13.248069, 9.652643e+04, 4.162954e+01
16, 2020, 2, 22, 3, 339417, 82.089844, -13.248069, 9.670223e+04, 4.072006e+01
16, 2020, 2, 22, 6, 339416, 81.914062, -13.401405, 9.669272e+04, 4.071764e+01
16, 2020, 2, 22, 9, 339416, 81.914062, -13.401405, 9.644540e+04, 4.288017e+01
16, 2020, 2, 22, 12, 339405, 81.738281, -13.554840, 9.664524e+04, 4.016296e+01
16, 2020, 2, 22, 15, 339404, 81.562500, -13.708373, 9.694109e+04, 4.006816e+01
16, 2020, 2, 22, 18, 339401, 81.386719, -13.862006, 9.709304e+04, 3.731177e+01
16, 2020, 2, 22, 21, 339394, 81.386719, -14.169580, 9.668874e+04, 3.843343e+01
16, 2020, 2, 23, 0, 339350, 81.035156, -14.477572, 9.646088e+04, 4.084083e+01
16, 2020, 2, 23, 3, 339347, 80.859375, -14.631727, 9.610175e+04, 4.125636e+01
16, 2020, 2, 23, 6, 339335, 80.507812, -14.940364, 9.609879e+04, 3.864738e+01
16, 2020, 2, 23, 9, 339331, 80.156250, -15.249446, 9.528800e+04, 4.522536e+01
16, 2020, 2, 23, 12, 339330, 79.980469, -15.404157, 9.590276e+04, 4.448485e+01
16, 2020, 2, 23, 15, 339158, 79.628906, -15.713926, 9.548638e+04, 4.453781e+01
16, 2020, 2, 23, 18, 339152, 79.453125, -16.179467, 9.562616e+04, 4.100023e+01
16, 2020, 2, 23, 21, 339055, 79.453125, -16.490437, 9.654641e+04, 4.223832e+01
16, 2020, 2, 24, 0, 339048, 79.101562, -17.113889, 9.703959e+04, 4.203053e+01
16, 2020, 2, 24, 3, 339006, 78.574219, -17.270076, 9.721149e+04, 3.638257e+01
16, 2020, 2, 24, 6, 339088, 78.046875, -17.426395, 9.710776e+04, 3.376250e+01
16, 2020, 2, 24, 9, 339078, 77.519531, -17.582849, 9.756148e+04, 3.100191e+01
16, 2020, 2, 24, 12, 339080, 76.992188, -17.739438, 9.716538e+04, 3.410624e+01
16, 2020, 2, 24, 15, 338420, 76.289062, -17.739438, 9.748577e+04, 3.121107e+01
16, 2020, 2, 24, 18, 338424, 75.585938, -17.739438, 9.675951e+04, 3.656017e+01
16, 2020, 2, 24, 21, 338415, 75.234375, -17.739438, 9.666950e+04, 3.443547e+01
16, 2020, 2, 25, 0, 338755, 74.531250, -17.739438, 9.659975e+04, 3.353391e+01
16, 2020, 2, 25, 3, 338718, 73.652344, -17.896163, 9.633607e+04, 3.546804e+01
16, 2020, 2, 25, 6, 338738, 72.949219, -17.896163, 9.594941e+04, 3.535394e+01
16, 2020, 2, 25, 9, 338734, 72.246094, -17.896163, 9.577475e+04, 3.719052e+01
16, 2020, 2, 25, 12, 338818, 71.542969, -17.896163, 9.562775e+04, 3.857935e+01
16, 2020, 2, 25, 15, 338651, 70.664062, -18.053028, 9.559981e+04, 4.026049e+01
16, 2020, 2, 25, 18, 338660, 69.960938, -18.367178, 9.535241e+04, 4.048579e+01
16, 2020, 2, 25, 21, 338664, 69.257812, -18.367178, 9.494724e+04, 4.238788e+01
16, 2020, 2, 26, 0, 360465, 68.378906, -18.524468, 9.484970e+04, 4.301888e+01
16, 2020, 2, 26, 3, 360454, 67.675781, -18.839483, 9.477388e+04, 4.361599e+01
16, 2020, 2, 26, 6, 578909, 66.972656, -19.155090, 9.477120e+04, 4.490762e+01
16, 2020, 2, 26, 9, 578906, 66.269531, -19.471302, 9.443129e+04, 4.559089e+01
16, 2020, 2, 26, 12, 578912, 65.390625, -19.946783, 9.427771e+04, 4.612880e+01
16, 2020, 2, 26, 15, 578864, 64.687500, -20.583000, 9.446160e+04, 4.573733e+01
16, 2020, 2, 26, 18, 578850, 63.808594, -21.061906, 9.436355e+04, 4.524837e+01
16, 2020, 2, 26, 21, 578663, 62.929688, -21.863542, 9.459201e+04, 4.331898e+01
16, 2020, 2, 27, 0, 578621, 62.050781, -22.346682, 9.467780e+04, 4.279178e+01
16, 2020, 2, 27, 3, 578604, 61.171875, -23.155675, 9.508462e+04, 4.170497e+01
16, 2020, 2, 27, 6, 577916, 60.468750, -23.806397, 9.542127e+04, 3.969728e+01
16, 2020, 2, 27, 9, 577897, 59.589844, -24.624423, 9.528348e+04, 3.796074e+01
16, 2020, 2, 27, 12, 577843, 59.062500, -25.447839, 9.549912e+04, 3.787084e+01
16, 2020, 2, 27, 15, 577827, 58.359375, -26.110640, 9.569400e+04, 3.676902e+01
16, 2020, 2, 27, 18, 577649, 57.832031, -26.944475, 9.596062e+04, 3.562236e+01
16, 2020, 2, 27, 21, 577636, 57.304688, -27.447738, 9.621174e+04, 3.525336e+01
16, 2020, 2, 28, 0, 577566, 56.777344, -28.291673, 9.658669e+04, 3.538671e+01
16, 2020, 2, 28, 3, 577562, 56.425781, -28.631115, 9.701294e+04, 3.578918e+01
16, 2020, 2, 28, 6, 577550, 56.074219, -28.971660, 9.734094e+04, 3.458778e+01
16, 2020, 2, 28, 9, 577544, 55.898438, -29.484592, 9.757260e+04, 3.329660e+01
16, 2020, 2, 28, 12, 574812, 55.546875, -29.827991, 9.776226e+04, 3.251459e+01
16, 2020, 2, 28, 15, 574802, 55.371094, -30.345318, 9.809669e+04, 3.327699e+01
16, 2020, 2, 28, 18, 574791, 55.195312, -30.518367, 9.824069e+04, 3.178484e+01
16, 2020, 2, 28, 21, 574789, 55.371094, -30.691725, 9.837774e+04, 2.941586e+01
16, 2020, 2, 29, 0, 552943, 55.546875, -30.865394, 9.860473e+04, 2.554384e+01
16, 2020, 2, 29, 3, 552933, 56.074219, -31.388308, 9.888780e+04, 2.299803e+01
16, 2020, 2, 29, 6, 552914, 56.777344, -31.738538, 9.909866e+04, 2.464123e+01
16, 2020, 2, 29, 9, 552824, 57.304688, -32.266384, 9.911435e+04, 2.378893e+01
16, 2020, 2, 29, 12, 552793, 58.183594, -32.797318, 9.933807e+04, 2.460694e+01
16, 2020, 2, 29, 15, 552443, 58.710938, -33.331442, 9.953771e+04, 2.646715e+01
16, 2020, 2, 29, 18, 552441, 58.886719, -33.510211, 9.971809e+04, 2.748305e+01
16, 2020, 2, 29, 21, 552446, 58.886719, -33.153040, 9.976621e+04, 2.710782e+01
17, 2020, 2, 18, 12, 772450, 312.714844, -30.345318, 1.007878e+05, 1.669686e+01
17, 2020, 2, 18, 15, 772343, 309.726562, -30.518367, 1.006112e+05, 1.759330e+01
17, 2020, 2, 18, 18, 772389, 312.011719, -31.388308, 1.004740e+05, 1.669480e+01
17, 2020, 2, 18, 21, 772393, 311.308594, -31.388308, 1.003878e+05, 1.835118e+01
17, 2020, 2, 19, 0, 772311, 310.429688, -31.213683, 1.004344e+05, 1.920853e+01
17, 2020, 2, 19, 3, 772319, 310.078125, -30.865394, 1.002030e+05, 1.664553e+01
17, 2020, 2, 19, 6, 772514, 309.902344, -30.345318, 1.001558e+05, 1.457964e+01
17, 2020, 2, 19, 9, 772524, 310.078125, -29.827991, 1.003086e+05, 1.227475e+01
17, 2020, 2, 19, 12, 772539, 310.429688, -29.142352, 1.004839e+05, 1.086055e+01
17, 2020, 2, 19, 15, 772944, 311.484375, -27.784525, 1.004655e+05, 8.054380e+00
17, 2020, 2, 19, 18, 772604, 312.187500, -27.784525, 1.004159e+05, 1.068080e+01
17, 2020, 2, 19, 21, 772599, 312.539062, -27.784525, 1.004923e+05, 9.704228e+00
17, 2020, 2, 20, 0, 773288, 312.539062, -27.447738, 1.005421e+05, 1.023786e+01
17, 2020, 2, 20, 3, 773281, 313.066406, -27.616002, 1.004252e+05, 1.291113e+01
17, 2020, 2, 20, 6, 772575, 312.890625, -28.122357, 1.002897e+05, 1.231760e+01
17, 2020, 2, 20, 9, 772575, 312.890625, -28.122357, 1.003466e+05, 1.429260e+01
17, 2020, 2, 20, 12, 773251, 313.593750, -28.122357, 1.003043e+05, 1.446448e+01
17, 2020, 2, 20, 15, 773248, 313.593750, -28.461258, 1.001548e+05, 1.350591e+01
17, 2020, 2, 20, 18, 773155, 314.296875, -28.801248, 1.000662e+05, 1.328558e+01
17, 2020, 2, 20, 21, 772445, 314.472656, -29.656145, 1.000144e+05, 1.488619e+01
17, 2020, 2, 21, 0, 772446, 314.121094, -29.656145, 9.987990e+04, 1.489526e+01
17, 2020, 2, 21, 3, 772447, 314.296875, -29.484592, 9.971804e+04, 1.469913e+01
17, 2020, 2, 21, 6, 772439, 314.648438, -29.827991, 9.955059e+04, 1.518401e+01
17, 2020, 2, 21, 9, 771070, 314.824219, -30.345318, 9.959235e+04, 1.624896e+01
17, 2020, 2, 21, 12, 771065, 314.824219, -30.691725, 9.947749e+04, 1.626219e+01
17, 2020, 2, 21, 15, 771057, 315.175781, -31.039379, 9.931060e+04, 1.710602e+01
17, 2020, 2, 21, 18, 771035, 315.351562, -31.213683, 9.917012e+04, 1.855246e+01
17, 2020, 2, 21, 21, 771036, 315.703125, -31.213683, 9.922328e+04, 1.767157e+01
17, 2020, 2, 22, 0, 771029, 316.230469, -31.388308, 9.924745e+04, 1.588563e+01
17, 2020, 2, 22, 3, 770940, 316.406250, -31.914149, 9.912212e+04, 1.575881e+01
17, 2020, 2, 22, 6, 770931, 316.406250, -32.266384, 9.902409e+04, 1.553481e+01
17, 2020, 2, 22, 9, 770929, 316.582031, -32.443014, 9.910741e+04, 1.537644e+01
17, 2020, 2, 22, 12, 770907, 316.757813, -32.619991, 9.910473e+04, 1.639380e+01
17, 2020, 2, 22, 15, 770897, 317.285156, -33.153040, 9.901221e+04, 1.684897e+01
17, 2020, 2, 22, 18, 770547, 317.812500, -33.689349, 9.892077e+04, 1.765061e+01
17, 2020, 2, 22, 21, 770535, 317.460938, -34.048752, 9.890288e+04, 1.954337e+01
17, 2020, 2, 23, 0, 770534, 317.285156, -34.229026, 9.891259e+04, 1.961342e+01
17, 2020, 2, 23, 3, 770507, 317.460938, -34.772183, 9.889147e+04, 1.932458e+01
17, 2020, 2, 23, 6, 770462, 316.933594, -35.318940, 9.880140e+04, 1.893613e+01
17, 2020, 2, 23, 9, 770462, 316.933594, -35.318940, 9.885773e+04, 1.928591e+01
17, 2020, 2, 23, 12, 770457, 316.933594, -35.685504, 9.899130e+04, 1.897632e+01
17, 2020, 2, 23, 15, 770439, 316.757813, -36.238536, 9.898954e+04, 1.880947e+01
17, 2020, 2, 23, 18, 770438, 316.582031, -36.423749, 9.893462e+04, 1.940621e+01
17, 2020, 2, 23, 21, 770436, 316.757813, -36.609404, 9.907747e+04, 1.826392e+01
17, 2020, 2, 24, 0, 770433, 316.582031, -36.795508, 9.909627e+04, 1.660827e+01
17, 2020, 2, 24, 3, 770347, 316.757813, -36.982065, 9.906170e+04, 1.699524e+01
17, 2020, 2, 24, 6, 770345, 316.933594, -37.169081, 9.909400e+04, 1.719174e+01
17, 2020, 2, 24, 9, 770337, 317.285156, -37.544509, 9.921371e+04, 1.755373e+01
17, 2020, 2, 24, 12, 770313, 317.636719, -37.921838, 9.927241e+04, 1.688173e+01
17, 2020, 2, 24, 15, 770306, 317.636719, -38.301113, 9.926941e+04, 1.579072e+01
17, 2020, 2, 24, 18, 748459, 318.164063, -38.491495, 9.927041e+04, 1.485904e+01
17, 2020, 2, 24, 21, 748460, 318.515625, -38.491495, 9.939554e+04, 1.546569e+01
17, 2020, 2, 25, 0, 748453, 319.042969, -38.682381, 9.948321e+04, 1.551462e+01
17, 2020, 2, 25, 3, 748440, 319.570312, -38.873778, 9.956565e+04, 1.542175e+01
17, 2020, 2, 25, 6, 748433, 320.097656, -39.065691, 9.966198e+04, 1.594766e+01
18, 2020, 2, 19, 12, 405176, 164.179688, -14.015742, 1.007048e+05, 1.053157e+01
18, 2020, 2, 20, 12, 405109, 167.871094, -13.862006, 1.006228e+05, 1.042753e+01
18, 2020, 2, 20, 15, 405288, 167.695312, -13.401405, 1.005035e+05, 1.110831e+01
18, 2020, 2, 20, 18, 405289, 167.871094, -13.248069, 1.006298e+05, 1.153229e+01
18, 2020, 2, 21, 3, 405300, 169.101562, -12.788634, 1.004006e+05, 9.708804e+00
18, 2020, 2, 21, 6, 405322, 169.628906, -12.635677, 1.005517e+05, 9.906984e+00
18, 2020, 2, 21, 9, 405323, 169.804688, -12.482811, 1.006562e+05, 1.020921e+01
18, 2020, 2, 21, 12, 405326, 169.980469, -12.330035, 1.004853e+05, 1.218708e+01
18, 2020, 2, 21, 15, 405345, 169.628906, -12.330035, 1.003572e+05, 1.123526e+01
18, 2020, 2, 21, 18, 405351, 169.804688, -11.872236, 1.004479e+05, 1.196029e+01
18, 2020, 2, 21, 21, 405326, 169.980469, -12.330035, 1.004850e+05, 1.219013e+01
18, 2020, 2, 22, 0, 405325, 170.332031, -12.330035, 1.002875e+05, 1.274332e+01
18, 2020, 2, 22, 3, 405319, 170.507812, -12.482811, 1.001124e+05, 1.262824e+01
18, 2020, 2, 22, 6, 405313, 170.332031, -12.941685, 1.001927e+05, 1.236706e+01
18, 2020, 2, 22, 9, 405315, 170.156250, -12.788634, 1.002062e+05, 1.366543e+01
18, 2020, 2, 22, 12, 405313, 170.332031, -12.941685, 9.996970e+04, 1.412652e+01
18, 2020, 2, 22, 15, 404927, 170.156250, -13.401405, 9.972396e+04, 1.477868e+01
18, 2020, 2, 22, 18, 404919, 170.507812, -13.708373, 9.970371e+04, 1.620201e+01
18, 2020, 2, 22, 21, 404916, 170.507812, -14.015742, 9.957571e+04, 2.083439e+01
18, 2020, 2, 23, 0, 404889, 170.683594, -14.477572, 9.920343e+04, 2.123967e+01
18, 2020, 2, 23, 3, 404883, 170.859375, -14.631727, 9.871106e+04, 2.464711e+01
18, 2020, 2, 23, 6, 404881, 171.035156, -14.785991, 9.839157e+04, 2.547883e+01
18, 2020, 2, 23, 9, 404795, 171.210937, -14.940364, 9.826512e+04, 2.778291e+01
18, 2020, 2, 23, 12, 404786, 171.386719, -15.404157, 9.765823e+04, 2.871990e+01
18, 2020, 2, 23, 15, 404762, 171.738281, -15.713926, 9.734875e+04, 2.857474e+01
18, 2020, 2, 23, 18, 404743, 171.914063, -16.179467, 9.662999e+04, 3.391037e+01
18, 2020, 2, 23, 21, 403374, 172.089844, -16.646109, 9.667613e+04, 3.646669e+01
18, 2020, 2, 24, 0, 403369, 172.089844, -16.957833, 9.661221e+04, 3.766756e+01
18, 2020, 2, 24, 3, 403360, 172.265625, -17.426395, 9.685260e+04, 3.725286e+01
18, 2020, 2, 24, 6, 403338, 172.441406, -17.582849, 9.694019e+04, 3.719507e+01
18, 2020, 2, 24, 9, 403330, 172.792969, -17.896163, 9.745475e+04, 3.430295e+01
18, 2020, 2, 24, 12, 403157, 172.792969, -18.210032, 9.741895e+04, 3.262264e+01
18, 2020, 2, 24, 15, 403069, 173.144531, -18.524468, 9.771319e+04, 3.282927e+01
18, 2020, 2, 24, 18, 403062, 173.144531, -18.839483, 9.807300e+04, 2.905706e+01
18, 2020, 2, 24, 21, 403060, 173.320312, -18.997211, 9.861610e+04, 2.627117e+01
18, 2020, 2, 25, 0, 403032, 173.320312, -19.629639, 9.849365e+04, 2.375772e+01
18, 2020, 2, 25, 3, 403015, 173.320312, -19.946783, 9.857634e+04, 2.188874e+01
18, 2020, 2, 25, 6, 402671, 173.671875, -20.264566, 9.887952e+04, 2.255219e+01
18, 2020, 2, 25, 9, 402668, 173.671875, -20.583000, 9.880249e+04, 2.646849e+01
18, 2020, 2, 25, 12, 402638, 174.199219, -21.061906, 9.867506e+04, 2.725566e+01
18, 2020, 2, 25, 15, 402630, 174.550781, -21.382032, 9.876897e+04, 2.558651e+01
18, 2020, 2, 25, 18, 402531, 175.078125, -22.185451, 9.904640e+04, 2.502436e+01
18, 2020, 2, 25, 21, 402507, 175.429688, -22.508099, 9.906921e+04, 2.464395e+01
18, 2020, 2, 26, 0, 402461, 175.253906, -22.993491, 9.908421e+04, 2.366279e+01
18, 2020, 2, 26, 3, 402454, 175.253906, -23.318056, 9.898188e+04, 2.431244e+01
18, 2020, 2, 26, 6, 402449, 175.253906, -23.643414, 9.919344e+04, 2.460419e+01
18, 2020, 2, 26, 9, 396984, 175.429688, -24.132978, 9.941273e+04, 2.240813e+01
18, 2020, 2, 26, 12, 396943, 175.781250, -24.788666, 9.938077e+04, 2.206777e+01
18, 2020, 2, 26, 15, 396931, 175.781250, -25.447839, 9.935397e+04, 2.235945e+01
18, 2020, 2, 26, 18, 396928, 175.781250, -25.778776, 9.961159e+04, 2.308345e+01
18, 2020, 2, 26, 21, 396156, 175.781250, -26.443448, 9.979985e+04, 2.199685e+01
19, 2020, 2, 20, 18, 176809, 193.459775, 48.141306, 9.674902e+04, 1.351180e+01
19, 2020, 2, 20, 21, 175447, 192.309369, 48.336897, 9.667978e+04, 1.349596e+01
19, 2020, 2, 21, 0, 175454, 191.554005, 48.532360, 9.661359e+04, 1.321866e+01
19, 2020, 2, 21, 3, 175476, 191.199046, 48.727696, 9.671916e+04, 1.354122e+01
19, 2020, 2, 21, 6, 175481, 190.431768, 48.922908, 9.695316e+04, 1.444596e+01
19, 2020, 2, 21, 9, 175569, 189.701784, 49.312956, 9.718554e+04, 1.492597e+01
19, 2020, 2, 21, 12, 175577, 188.958281, 49.702513, 9.742281e+04, 1.563205e+01
19, 2020, 2, 21, 15, 176312, 198.797429, 45.586725, 9.753915e+04, 1.985605e+01
19, 2020, 2, 21, 18, 176664, 197.575067, 46.375159, 9.765728e+04, 1.898401e+01
19, 2020, 2, 21, 21, 176688, 196.948011, 46.768561, 9.775457e+04, 1.774325e+01
19, 2020, 2, 22, 0, 176698, 195.986800, 47.357663, 9.788904e+04, 1.780638e+01
19, 2020, 2, 22, 3, 176794, 194.665134, 48.141303, 9.814385e+04, 1.723156e+01
19, 2020, 2, 22, 9, 176341, 201.530138, 46.571918, 9.808354e+04, 1.987773e+01
19, 2020, 2, 22, 12, 176351, 200.633152, 47.161418, 9.817863e+04, 1.918685e+01
19, 2020, 2, 23, 3, 175218, 190.020956, 45.389293, 9.771646e+04, 1.595737e+01
19, 2020, 2, 23, 6, 175225, 189.724524, 45.784061, 9.778385e+04, 1.528755e+01
19, 2020, 2, 23, 9, 175394, 190.192256, 46.178274, 9.789688e+04, 1.453618e+01
19, 2020, 2, 24, 0, 173738, 191.392968, 41.810454, 9.740282e+04, 1.962706e+01
19, 2020, 2, 24, 3, 175113, 190.535662, 42.609879, 9.742749e+04, 1.751374e+01
19, 2020, 2, 24, 6, 175116, 190.577637, 42.809369, 9.742174e+04, 1.655096e+01
19, 2020, 2, 24, 9, 175141, 189.979786, 43.406936, 9.745975e+04, 1.671377e+01
19, 2020, 2, 24, 12, 175148, 189.291444, 43.605828, 9.741454e+04, 1.656175e+01
20, 2020, 2, 21, 21, 653318, 129.550781, -13.862006, 1.005621e+05, 1.082330e+01
20, 2020, 2, 22, 15, 653469, 128.847656, -11.719808, 1.003012e+05, 1.648903e+01
20, 2020, 2, 22, 18, 653460, 129.023438, -12.177348, 1.003160e+05, 1.528861e+01
20, 2020, 2, 22, 21, 653508, 129.726562, -11.567465, 1.003818e+05, 1.450066e+01
20, 2020, 2, 23, 0, 653419, 129.726562, -11.872236, 1.003941e+05, 1.234718e+01
20, 2020, 2, 23, 3, 653418, 129.550781, -12.024748, 1.001768e+05, 1.187509e+01
20, 2020, 2, 23, 9, 653371, 129.023438, -12.482811, 1.002270e+05, 1.240370e+01
20, 2020, 2, 23, 12, 653447, 128.320312, -12.482811, 1.003368e+05, 1.320755e+01
20, 2020, 2, 23, 15, 653453, 128.144531, -12.330035, 1.002050e+05, 1.372692e+01
20, 2020, 2, 23, 18, 653465, 128.496094, -12.024748, 1.000649e+05, 1.341754e+01
20, 2020, 2, 23, 21, 653455, 127.968750, -12.177348, 1.001712e+05, 1.412612e+01
20, 2020, 2, 24, 0, 653451, 127.617188, -12.482811, 1.002134e+05, 1.529051e+01
20, 2020, 2, 24, 3, 650737, 126.738281, -12.941685, 9.995144e+04, 1.801045e+01
20, 2020, 2, 24, 6, 650737, 126.738281, -12.941685, 9.974515e+04, 1.979135e+01
20, 2020, 2, 24, 9, 650722, 125.683594, -13.554840, 9.981662e+04, 2.044305e+01
20, 2020, 2, 24, 12, 650720, 125.859375, -13.708373, 9.950616e+04, 2.277669e+01
20, 2020, 2, 24, 15, 650654, 125.683594, -14.169580, 9.936573e+04, 2.239509e+01
20, 2020, 2, 24, 18, 650661, 124.980469, -14.477572, 9.928351e+04, 2.098786e+01
20, 2020, 2, 24, 21, 650659, 124.453125, -14.631727, 9.925223e+04, 2.195293e+01
20, 2020, 2, 25, 0, 650495, 123.750000, -14.631727, 9.906843e+04, 2.170107e+01
20, 2020, 2, 25, 3, 650833, 123.222656, -14.785991, 9.875109e+04, 2.541263e+01
20, 2020, 2, 25, 6, 650832, 123.046875, -14.940364, 9.833873e+04, 2.472459e+01
20, 2020, 2, 25, 9, 650822, 122.519531, -15.094849, 9.849856e+04, 2.523052e+01
20, 2020, 2, 25, 12, 650826, 121.816406, -15.094849, 9.851218e+04, 2.790880e+01
20, 2020, 2, 25, 15, 650804, 121.289062, -15.249446, 9.864702e+04, 2.708662e+01
20, 2020, 2, 25, 18, 650801, 121.113281, -15.404157, 9.857777e+04, 2.639437e+01
20, 2020, 2, 25, 21, 650789, 120.761719, -15.713926, 9.888000e+04, 2.874506e+01
20, 2020, 2, 26, 0, 650787, 120.234375, -15.868986, 9.848716e+04, 3.000507e+01
20, 2020, 2, 26, 3, 650109, 119.707031, -16.024166, 9.831279e+04, 2.991268e+01
20, 2020, 2, 26, 6, 650110, 119.355469, -16.024166, 9.779202e+04, 3.261893e+01
20, 2020, 2, 26, 9, 650107, 119.179687, -16.179467, 9.783338e+04, 3.189415e+01
20, 2020, 2, 26, 12, 650181, 118.652344, -16.334890, 9.810590e+04, 2.981818e+01
20, 2020, 2, 26, 15, 650189, 118.300781, -16.024166, 9.728869e+04, 3.465926e+01
20, 2020, 2, 26, 18, 650188, 118.125000, -16.179467, 9.731721e+04, 3.501593e+01
20, 2020, 2, 26, 21, 650185, 117.949219, -16.334890, 9.766898e+04, 3.093927e+01
20, 2020, 2, 27, 0, 650141, 117.597656, -16.646109, 9.781760e+04, 2.621262e+01
20, 2020, 2, 27, 3, 650142, 117.246094, -16.646109, 9.747600e+04, 2.957051e+01
20, 2020, 2, 27, 6, 650161, 116.894531, -16.646109, 9.688041e+04, 3.054655e+01
20, 2020, 2, 27, 9, 650160, 116.718750, -16.801907, 9.670744e+04, 3.599126e+01
20, 2020, 2, 27, 12, 650145, 116.191406, -17.270076, 9.658735e+04, 3.172233e+01
20, 2020, 2, 27, 15, 649975, 115.664063, -17.426395, 9.613944e+04, 3.351286e+01
20, 2020, 2, 27, 18, 649971, 115.312500, -17.739438, 9.551943e+04, 3.551364e+01
20, 2020, 2, 27, 21, 649976, 114.960938, -17.739438, 9.468824e+04, 4.219611e+01
20, 2020, 2, 28, 0, 649965, 114.785156, -17.896163, 9.436479e+04, 4.508036e+01
20, 2020, 2, 28, 3, 649961, 114.433594, -18.210032, 9.389237e+04, 4.408836e+01
20, 2020, 2, 28, 6, 649960, 114.257812, -18.367178, 9.337288e+04, 4.732586e+01
20, 2020, 2, 28, 9, 649917, 114.082031, -18.524468, 9.362544e+04, 4.569936e+01
20, 2020, 2, 28, 12, 649915, 113.554688, -18.681902, 9.376341e+04, 4.890352e+01
20, 2020, 2, 28, 15, 649914, 113.378906, -18.839483, 9.312240e+04, 4.820868e+01
20, 2020, 2, 28, 18, 649903, 113.203125, -18.997211, 9.333304e+04, 4.653209e+01
20, 2020, 2, 28, 21, 344065, 112.675781, -19.155090, 9.321862e+04, 4.555061e+01
20, 2020, 2, 29, 0, 333141, 112.324219, -19.471302, 9.353865e+04, 4.369233e+01
20, 2020, 2, 29, 3, 333137, 111.972656, -19.788132, 9.352951e+04, 4.434208e+01
20, 2020, 2, 29, 6, 333125, 111.621094, -20.105594, 9.352141e+04, 4.431149e+01
20, 2020, 2, 29, 9, 333121, 111.269531, -20.423701, 9.374191e+04, 4.334880e+01
20, 2020, 2, 29, 12, 333077, 110.917969, -20.742467, 9.409273e+04, 4.211821e+01
20, 2020, 2, 29, 15, 333073, 110.566406, -21.061906, 9.432251e+04, 4.194522e+01
20, 2020, 2, 29, 18, 333061, 110.214844, -21.382032, 9.454299e+04, 4.210473e+01
20, 2020, 2, 29, 21, 638891, 110.039063, -21.863542, 9.482784e+04, 4.020091e+01
20, 2020, 3, 1, 0, 638719, 109.687500, -22.185451, 9.518143e+04, 3.857682e+01
20, 2020, 3, 1, 3, 638713, 109.511719, -22.669705, 9.546980e+04, 3.817577e+01
20, 2020, 3, 1, 6, 638706, 109.511719, -22.993491, 9.575353e+04, 3.593915e+01
20, 2020, 3, 1, 9, 638692, 109.335938, -23.480635, 9.596941e+04, 3.452324e+01
20, 2020, 3, 1, 12, 638666, 109.160156, -23.969584, 9.634928e+04, 3.469639e+01
20, 2020, 3, 1, 15, 638623, 108.984375, -24.132978, 9.654996e+04, 3.302188e+01
20, 2020, 3, 1, 18, 638619, 108.632812, -24.460396, 9.674216e+04, 3.235468e+01
20, 2020, 3, 1, 21, 638605, 108.457031, -24.953127, 9.709857e+04, 3.080464e+01
20, 2020, 3, 2, 0, 638601, 108.105469, -25.282711, 9.750491e+04, 2.835646e+01
20, 2020, 3, 2, 3, 638600, 107.929688, -25.447839, 9.769840e+04, 2.905998e+01
20, 2020, 3, 2, 6, 638594, 108.105469, -25.613193, 9.790759e+04, 2.649862e+01
20, 2020, 3, 2, 9, 638592, 108.281250, -25.778776, 9.818603e+04, 2.494341e+01
20, 2020, 3, 2, 12, 637823, 108.281250, -26.110640, 9.853798e+04, 2.315100e+01
20, 2020, 3, 2, 15, 638504, 108.632812, -26.110640, 9.876504e+04, 2.204392e+01
20, 2020, 3, 2, 18, 638504, 108.632812, -26.110640, 9.895082e+04, 2.104523e+01
20, 2020, 3, 2, 21, 638498, 108.808594, -26.276925, 9.928546e+04, 2.124686e+01
20, 2020, 3, 3, 0, 638498, 108.808594, -26.276925, 9.955500e+04, 2.066528e+01
20, 2020, 3, 3, 3, 638498, 108.808594, -26.276925, 9.966046e+04, 1.948679e+01
20, 2020, 3, 3, 6, 638496, 108.984375, -26.443448, 9.971423e+04, 1.776881e+01
20, 2020, 3, 3, 9, 638496, 108.984375, -26.443448, 9.987173e+04, 1.771963e+01
21, 2020, 2, 23, 12, 646260, 148.007812, -16.490437, 1.006492e+05, 1.221717e+01
21, 2020, 2, 23, 15, 646267, 147.304688, -16.179467, 1.004136e+05, 1.215770e+01
21, 2020, 2, 23, 18, 646364, 146.953125, -15.558983, 1.004193e+05, 1.251480e+01
21, 2020, 2, 23, 21, 646366, 146.777344, -15.404157, 1.005614e+05, 1.213203e+01
21, 2020, 2, 24, 0, 646562, 146.777344, -14.785991, 1.004689e+05, 1.259830e+01
21, 2020, 2, 24, 3, 646562, 146.777344, -14.785991, 1.001960e+05, 1.513041e+01
21, 2020, 2, 24, 6, 646568, 146.601562, -14.631727, 9.989256e+04, 1.626604e+01
21, 2020, 2, 24, 9, 646912, 146.250000, -14.323523, 1.000395e+05, 1.252536e+01
21, 2020, 2, 24, 12, 646914, 146.074219, -14.169580, 1.000264e+05, 1.464725e+01
21, 2020, 2, 24, 15, 646749, 145.722656, -14.169580, 9.962038e+04, 1.710833e+01
21, 2020, 2, 24, 18, 646750, 145.371094, -14.169580, 9.969947e+04, 1.781678e+01
21, 2020, 2, 24, 21, 646774, 145.019531, -13.862006, 9.959331e+04, 1.816410e+01
21, 2020, 2, 25, 0, 646777, 144.667969, -13.862006, 9.939619e+04, 2.020966e+01
21, 2020, 2, 25, 3, 646779, 144.492188, -13.708373, 9.909666e+04, 2.209056e+01
21, 2020, 2, 25, 6, 646865, 144.316406, -13.554840, 9.912452e+04, 2.058039e+01
21, 2020, 2, 25, 9, 646865, 144.316406, -13.554840, 9.898271e+04, 2.415391e+01
21, 2020, 2, 25, 12, 646867, 144.140625, -13.401405, 9.858562e+04, 2.671003e+01
21, 2020, 2, 25, 15, 646868, 144.492188, -13.401405, 9.842868e+04, 2.713895e+01
21, 2020, 2, 25, 18, 646868, 144.492188, -13.401405, 9.834903e+04, 2.931689e+01
21, 2020, 2, 25, 21, 646783, 144.843750, -13.401405, 9.845119e+04, 2.776814e+01
21, 2020, 2, 26, 0, 646781, 145.019531, -13.554840, 9.807920e+04, 2.801996e+01
21, 2020, 2, 26, 3, 646775, 145.195312, -13.708373, 9.749134e+04, 3.047370e+01
21, 2020, 2, 26, 6, 646944, 145.546875, -13.708373, 9.772673e+04, 2.938305e+01
21, 2020, 2, 26, 9, 646923, 145.898438, -13.708373, 9.818015e+04, 2.763282e+01
21, 2020, 2, 26, 12, 646914, 146.074219, -14.169580, 9.818212e+04, 2.660933e+01
21, 2020, 2, 26, 15, 646570, 146.425781, -14.477572, 9.799776e+04, 2.569437e+01
21, 2020, 2, 26, 18, 646391, 146.601562, -14.940364, 9.838874e+04, 2.357809e+01
21, 2020, 2, 26, 21, 646389, 146.777344, -15.094849, 9.852588e+04, 2.223637e+01
21, 2020, 2, 27, 0, 646364, 146.953125, -15.558983, 9.884981e+04, 2.035222e+01
21, 2020, 2, 27, 3, 646266, 147.128906, -16.334890, 9.882607e+04, 2.040691e+01
21, 2020, 2, 27, 6, 646242, 146.777344, -17.270076, 9.866637e+04, 2.679962e+01
21, 2020, 2, 27, 9, 646198, 146.425781, -17.582849, 9.859860e+04, 2.382049e+01
21, 2020, 2, 27, 12, 646183, 145.898438, -18.053028, 9.932835e+04, 2.063382e+01
21, 2020, 2, 27, 15, 645493, 145.371094, -18.839483, 9.979329e+04, 1.554903e+01
22, 2020, 2, 23, 18, 170109, 209.707031, 39.838644, 9.841462e+04, 1.960883e+01
22, 2020, 2, 23, 21, 170296, 210.585938, 40.817263, 9.839504e+04, 1.840794e+01
22, 2020, 2, 24, 3, 170435, 210.770729, 42.410202, 9.831890e+04, 1.906169e+01
22, 2020, 2, 24, 6, 170468, 210.180701, 43.207862, 9.833506e+04, 1.932598e+01
22, 2020, 2, 24, 9, 170478, 209.451196, 43.804533, 9.825750e+04, 1.867549e+01
22, 2020, 2, 24, 12, 170825, 208.586041, 44.201578, 9.818557e+04, 1.792876e+01
22, 2020, 2, 24, 15, 170849, 208.078487, 44.598042, 9.822437e+04, 1.695545e+01
22, 2020, 2, 24, 18, 170858, 207.187473, 44.993934, 9.836984e+04, 1.630449e+01
22, 2020, 2, 25, 6, 169865, 217.438513, 44.201570, 9.864819e+04, 1.858044e+01
22, 2020, 2, 25, 9, 169864, 217.285703, 44.003121, 9.879804e+04, 1.670406e+01
22, 2020, 2, 26, 3, 169529, 216.386719, 41.014715, 9.716432e+04, 2.497507e+01
22, 2020, 2, 26, 6, 169573, 217.785925, 41.810441, 9.706735e+04, 2.344078e+01
22, 2020, 2, 26, 9, 169736, 218.952560, 42.410197, 9.699588e+04, 2.334405e+01
22, 2020, 2, 26, 12, 169744, 219.980072, 42.809329, 9.694973e+04, 2.238379e+01
22, 2020, 2, 26, 15, 169448, 221.024090, 43.207855, 9.703141e+04, 2.230860e+01
22, 2020, 2, 26, 18, 169458, 221.890239, 43.804525, 9.710016e+04, 2.217446e+01
22, 2020, 2, 26, 21, 180384, 222.777774, 44.399872, 9.703726e+04, 2.179560e+01
22, 2020, 2, 27, 0, 180366, 223.326444, 44.598031, 9.704797e+04, 2.065306e+01
22, 2020, 2, 27, 3, 180377, 224.062499, 44.993922, 9.714959e+04, 1.933124e+01
22, 2020, 2, 27, 6, 180381, 224.432772, 45.389246, 9.723696e+04, 1.879427e+01
22, 2020, 2, 27, 9, 180419, 225.000000, 45.586698, 9.728935e+04, 1.811525e+01
22, 2020, 2, 27, 12, 180422, 225.190678, 45.784012, 9.733662e+04, 1.727056e+01
22, 2020, 2, 27, 15, 180432, 225.765959, 45.981188, 9.749165e+04, 1.660659e+01
22, 2020, 2, 27, 18, 180346, 225.953391, 45.784012, 9.766915e+04, 1.608854e+01
22, 2020, 2, 27, 21, 180348, 226.531917, 45.981188, 9.777909e+04, 1.594070e+01
23, 2020, 2, 26, 0, 764949, 282.480469, -40.228392, 9.779232e+04, 3.060517e+01
23, 2020, 2, 26, 3, 764944, 281.953125, -40.817263, 9.744530e+04, 2.617894e+01
23, 2020, 2, 26, 6, 764931, 281.250000, -41.212761, 9.749548e+04, 2.320950e+01
23, 2020, 2, 26, 9, 764930, 281.074219, -41.411408, 9.775006e+04, 2.149031e+01
23, 2020, 2, 26, 12, 764249, 280.337250, -41.810455, 9.819727e+04, 2.188899e+01
23, 2020, 2, 26, 15, 764257, 279.035378, -42.210443, 9.854216e+04, 2.108389e+01
23, 2020, 2, 26, 18, 764307, 277.588178, -42.010495, 9.868900e+04, 2.031489e+01
23, 2020, 2, 26, 21, 764332, 276.328125, -41.610664, 9.873406e+04, 2.099576e+01
23, 2020, 2, 27, 0, 764681, 275.449219, -41.014715, 9.879423e+04, 2.046595e+01
23, 2020, 2, 27, 3, 764712, 274.570312, -40.424109, 9.876588e+04, 2.084432e+01
23, 2020, 2, 27, 6, 764629, 274.042969, -40.228392, 9.866199e+04, 2.169196e+01
23, 2020, 2, 27, 9, 764635, 273.164063, -40.033240, 9.868915e+04, 2.223756e+01
23, 2020, 2, 27, 12, 764652, 272.109375, -40.033240, 9.889050e+04, 2.131739e+01
23, 2020, 2, 27, 15, 458826, 270.878906, -39.451095, 9.896509e+04, 2.109320e+01
23, 2020, 2, 27, 18, 458813, 270.175781, -39.065691, 9.880832e+04, 2.027440e+01
23, 2020, 2, 27, 21, 458901, 269.824219, -38.682381, 9.871091e+04, 1.939246e+01
23, 2020, 2, 28, 0, 458946, 269.824219, -38.301113, 9.874766e+04, 1.852509e+01
23, 2020, 2, 28, 3, 458954, 269.472656, -37.921838, 9.878446e+04, 2.081201e+01
23, 2020, 2, 28, 6, 458976, 269.296875, -37.732933, 9.876931e+04, 2.132871e+01
23, 2020, 2, 28, 9, 458978, 269.121094, -37.544509, 9.879009e+04, 2.171693e+01
23, 2020, 2, 28, 12, 458979, 269.296875, -37.356560, 9.893369e+04, 2.058524e+01
24, 2020, 2, 26, 21, 350195, 129.375000, 4.031953, 1.007260e+05, 1.468133e+01
24, 2020, 2, 27, 0, 350198, 129.550781, 4.181545, 1.007896e+05, 1.413135e+01
24, 2020, 2, 27, 3, 66218, 129.550781, 4.780211, 1.005506e+05, 1.428941e+01
24, 2020, 2, 27, 6, 67586, 129.199219, 5.079736, 1.003877e+05, 1.369761e+01
24, 2020, 2, 27, 9, 67594, 128.847656, 5.379401, 1.005800e+05, 1.414522e+01
24, 2020, 2, 27, 12, 351607, 128.320312, 5.529288, 1.005092e+05, 1.572262e+01
24, 2020, 2, 27, 15, 351609, 127.792969, 5.379401, 1.004134e+05, 1.622562e+01
24, 2020, 2, 27, 18, 351602, 127.792969, 5.079736, 1.003056e+05, 1.497518e+01
24, 2020, 2, 27, 21, 351606, 128.144531, 5.379401, 1.003791e+05, 1.538437e+01
24, 2020, 2, 28, 0, 351612, 127.968750, 5.529288, 1.001051e+05, 1.746763e+01
24, 2020, 2, 28, 3, 351614, 127.792969, 5.679213, 9.967862e+04, 1.898297e+01
24, 2020, 2, 28, 6, 351701, 127.792969, 5.979181, 9.945444e+04, 2.096681e+01
24, 2020, 2, 28, 9, 351703, 127.617188, 6.129226, 9.941916e+04, 2.351133e+01
24, 2020, 2, 28, 12, 351709, 127.441406, 6.279314, 9.933046e+04, 2.463233e+01
24, 2020, 2, 28, 15, 351710, 127.089844, 6.279314, 9.882588e+04, 3.201760e+01
24, 2020, 2, 28, 18, 351711, 127.265625, 6.429445, 9.858009e+04, 3.168973e+01
24, 2020, 2, 28, 21, 351733, 127.089844, 6.579620, 9.861209e+04, 3.092288e+01
24, 2020, 2, 29, 0, 351741, 126.738281, 6.880107, 9.926546e+04, 2.629171e+01
24, 2020, 2, 29, 3, 351743, 126.562500, 7.030422, 9.968020e+04, 2.172218e+01
24, 2020, 2, 29, 6, 352084, 126.210937, 7.030422, 9.998535e+04, 2.146761e+01
24, 2020, 2, 29, 9, 352085, 126.386719, 7.180785, 1.004062e+05, 1.937895e+01
24, 2020, 2, 29, 12, 68096, 126.562500, 7.331198, 1.006203e+05, 1.729281e+01
24, 2020, 2, 29, 15, 68128, 125.859375, 7.933369, 1.006069e+05, 1.673509e+01
24, 2020, 2, 29, 18, 68102, 126.738281, 7.782746, 1.006203e+05, 1.376710e+01
24, 2020, 2, 29, 21, 68137, 125.683594, 8.385573, 1.007589e+05, 1.424764e+01
24, 2020, 3, 1, 3, 68124, 127.265625, 8.536423, 1.007043e+05, 1.399726e+01
24, 2020, 3, 1, 9, 68146, 126.386719, 8.687333, 1.006891e+05, 1.407062e+01
24, 2020, 3, 1, 12, 68147, 126.562500, 8.838303, 1.007902e+05, 1.479066e+01
24, 2020, 3, 1, 15, 68203, 126.914063, 9.745466, 1.006756e+05, 1.471017e+01
24, 2020, 3, 1, 18, 68159, 126.562500, 9.442816, 1.004698e+05, 1.600377e+01
24, 2020, 3, 1, 21, 68158, 126.386719, 9.291591, 1.005439e+05, 1.397936e+01
24, 2020, 3, 2, 0, 68156, 126.562500, 9.140431, 1.006426e+05, 1.421508e+01
24, 2020, 3, 2, 3, 68245, 126.386719, 9.594107, 1.004479e+05, 1.458112e+01
24, 2020, 3, 2, 6, 68158, 126.386719, 9.291591, 1.003303e+05, 1.527744e+01
24, 2020, 3, 2, 9, 68156, 126.562500, 9.140431, 1.003800e+05, 1.452869e+01
24, 2020, 3, 2, 12, 68150, 126.738281, 8.989336, 1.004204e+05, 1.493917e+01
24, 2020, 3, 2, 15, 68151, 126.914063, 9.140431, 1.002857e+05, 1.521395e+01
24, 2020, 3, 2, 18, 68149, 127.089844, 8.989336, 1.001662e+05, 1.548436e+01
24, 2020, 3, 2, 21, 68127, 127.265625, 8.838303, 1.002249e+05, 1.603797e+01
24, 2020, 3, 3, 0, 68170, 127.441406, 8.989336, 1.001612e+05, 1.850020e+01
24, 2020, 3, 3, 3, 68168, 127.617188, 8.838303, 9.981502e+04, 2.232953e+01
24, 2020, 3, 3, 6, 68168, 127.617188, 8.838303, 9.963669e+04, 2.368046e+01
24, 2020, 3, 3, 9, 68162, 127.792969, 8.687333, 9.980916e+04, 2.200222e+01
24, 2020, 3, 3, 12, 68160, 127.968750, 8.536423, 9.993519e+04, 1.988810e+01
24, 2020, 3, 3, 15, 68160, 127.968750, 8.536423, 9.995188e+04, 2.138585e+01
24, 2020, 3, 3, 18, 67774, 127.792969, 8.084047, 9.986977e+04, 2.058182e+01
24, 2020, 3, 3, 21, 67774, 127.792969, 8.084047, 1.000303e+05, 1.805182e+01
24, 2020, 3, 4, 0, 67774, 127.792969, 8.084047, 1.002190e+05, 1.798324e+01
24, 2020, 3, 4, 3, 67772, 127.968750, 7.933369, 9.997571e+04, 1.937924e+01
24, 2020, 3, 4, 6, 67775, 127.968750, 8.234781, 9.975335e+04, 2.201992e+01
24, 2020, 3, 4, 9, 67772, 127.968750, 7.933369, 9.982466e+04, 2.247620e+01
24, 2020, 3, 4, 12, 67772, 127.968750, 7.933369, 1.000805e+05, 2.035486e+01
24, 2020, 3, 4, 15, 67772, 127.968750, 7.933369, 1.000361e+05, 2.153531e+01
24, 2020, 3, 4, 18, 67768, 127.617188, 7.632177, 9.980782e+04, 2.239434e+01
24, 2020, 3, 4, 21, 67768, 127.617188, 7.632177, 9.972237e+04, 2.347312e+01
24, 2020, 3, 5, 0, 67768, 127.617188, 7.632177, 9.981340e+04, 2.387358e+01
25, 2020, 2, 28, 6, 438930, 153.808594, 4.480817, 1.005401e+05, 1.509221e+01
25, 2020, 2, 28, 9, 438960, 153.281250, 4.929957, 1.006580e+05, 1.602909e+01
25, 2020, 2, 28, 12, 438957, 152.753906, 5.079736, 1.005211e+05, 1.727880e+01
25, 2020, 2, 28, 15, 438956, 152.578125, 4.929957, 1.005155e+05, 1.514897e+01
25, 2020, 2, 28, 21, 440383, 151.875000, 7.030422, 1.007489e+05, 1.600415e+01
25, 2020, 2, 29, 6, 440448, 150.468750, 6.129226, 1.004628e+05, 1.503174e+01
25, 2020, 2, 29, 9, 437719, 150.117188, 6.129226, 1.005607e+05, 1.426851e+01
25, 2020, 2, 29, 12, 437712, 149.765625, 5.529288, 1.005079e+05, 1.483837e+01
25, 2020, 2, 29, 15, 437626, 149.941406, 5.379401, 1.003309e+05, 1.512284e+01
25, 2020, 2, 29, 21, 437715, 149.765625, 5.829177, 1.006099e+05, 1.636554e+01
25, 2020, 3, 1, 0, 437722, 149.238281, 5.979181, 1.004891e+05, 1.354690e+01
25, 2020, 3, 1, 3, 437733, 148.886719, 5.979181, 1.002894e+05, 1.430870e+01
25, 2020, 3, 1, 6, 437735, 148.710937, 6.129226, 1.003421e+05, 1.540774e+01
25, 2020, 3, 1, 9, 437743, 148.359375, 6.429445, 1.004771e+05, 1.475009e+01
25, 2020, 3, 1, 12, 438096, 148.359375, 6.729840, 1.004475e+05, 1.504917e+01
25, 2020, 3, 1, 15, 438105, 148.183594, 7.180785, 1.001329e+05, 1.651395e+01
25, 2020, 3, 1, 18, 438135, 148.007812, 7.933369, 1.002362e+05, 1.752954e+01
25, 2020, 3, 1, 21, 438142, 147.480469, 8.084047, 1.000999e+05, 2.081851e+01
25, 2020, 3, 2, 0, 438230, 147.128906, 8.385573, 1.000329e+05, 2.185559e+01
25, 2020, 3, 2, 3, 438238, 146.777344, 8.687333, 9.991527e+04, 2.101129e+01
25, 2020, 3, 2, 6, 438265, 146.074219, 8.989336, 9.980234e+04, 2.205631e+01
25, 2020, 3, 2, 9, 66896, 145.546875, 9.140431, 9.991575e+04, 2.033388e+01
25, 2020, 3, 2, 12, 66893, 145.019531, 9.291591, 1.001055e+05, 1.946670e+01
25, 2020, 3, 2, 15, 66919, 144.492188, 9.745466, 9.965662e+04, 1.954882e+01
25, 2020, 3, 2, 18, 66927, 144.140625, 10.048391, 9.948438e+04, 2.079529e+01
25, 2020, 3, 2, 21, 67032, 143.789062, 10.655103, 9.962950e+04, 2.099991e+01
25, 2020, 3, 3, 0, 67056, 143.437500, 10.958908, 9.952198e+04, 2.149900e+01
25, 2020, 3, 3, 3, 67070, 143.261719, 11.719808, 9.919890e+04, 2.137043e+01
25, 2020, 3, 3, 6, 67415, 143.085938, 12.177348, 9.906479e+04, 2.110931e+01
25, 2020, 3, 3, 9, 70176, 142.734375, 12.788634, 9.928985e+04, 2.093116e+01
25, 2020, 3, 3, 12, 70191, 142.734375, 13.708373, 9.920413e+04, 2.171109e+01
25, 2020, 3, 3, 15, 70291, 142.734375, 14.323523, 9.892810e+04, 2.300855e+01
25, 2020, 3, 3, 18, 70346, 142.910156, 15.094849, 9.892721e+04, 2.338216e+01
25, 2020, 3, 3, 21, 70386, 143.261719, 16.024166, 9.909971e+04, 2.372251e+01
25, 2020, 3, 4, 0, 70569, 143.964844, 16.957833, 9.925971e+04, 2.202512e+01
25, 2020, 3, 4, 3, 71956, 144.492188, 18.053028, 9.912271e+04, 2.147113e+01
25, 2020, 3, 4, 6, 72016, 145.546875, 18.997211, 9.908040e+04, 2.202357e+01
25, 2020, 3, 4, 9, 71342, 146.777344, 19.788132, 9.942309e+04, 2.529988e+01
25, 2020, 3, 4, 12, 71357, 147.832031, 20.423701, 9.982594e+04, 2.189045e+01
25, 2020, 3, 4, 15, 71409, 149.238281, 21.061906, 9.999388e+04, 1.895918e+01
25, 2020, 3, 4, 18, 71580, 151.171875, 22.185451, 1.002907e+05, 1.690566e+01
25, 2020, 3, 4, 21, 71547, 152.929688, 22.831502, 1.005832e+05, 1.663837e+01
25, 2020, 3, 5, 0, 82467, 153.984375, 23.155675, 1.001942e+05, 3.006424e+01
26, 2020, 3, 2, 9, 339364, 79.804688, -14.631727, 1.004443e+05, 1.335997e+01
26, 2020, 3, 2, 12, 339365, 79.980469, -14.477572, 1.005092e+05, 1.324791e+01
26, 2020, 3, 2, 15, 339367, 79.804688, -14.323523, 1.005361e+05, 1.369415e+01
26, 2020, 3, 2, 18, 339384, 79.804688, -14.015742, 1.002859e+05, 1.394017e+01
26, 2020, 3, 2, 21, 339378, 79.980469, -14.169580, 1.001013e+05, 1.620115e+01
26, 2020, 3, 3, 0, 339367, 79.804688, -14.323523, 1.001135e+05, 1.670106e+01
26, 2020, 3, 3, 3, 339384, 79.804688, -14.015742, 1.001777e+05, 1.750898e+01
26, 2020, 3, 3, 6, 339388, 80.156250, -13.708373, 1.000339e+05, 1.745913e+01
26, 2020, 3, 3, 9, 339381, 80.683594, -13.862006, 9.991181e+04, 1.950210e+01
26, 2020, 3, 3, 12, 339351, 81.210938, -14.323523, 9.998005e+04, 2.049494e+01
26, 2020, 3, 3, 15, 339350, 81.035156, -14.477572, 1.000040e+05, 2.219326e+01
26, 2020, 3, 3, 18, 339394, 81.386719, -14.169580, 9.977399e+04, 2.416258e+01
26, 2020, 3, 3, 21, 339261, 81.738281, -14.785991, 9.942185e+04, 2.468813e+01
26, 2020, 3, 4, 0, 339298, 82.089844, -14.785991, 9.942985e+04, 2.498156e+01
26, 2020, 3, 4, 3, 339298, 82.089844, -14.785991, 9.947288e+04, 2.545784e+01
26, 2020, 3, 4, 6, 339253, 82.089844, -15.094849, 9.922194e+04, 2.630482e+01
26, 2020, 3, 4, 9, 339231, 82.265625, -15.249446, 9.897030e+04, 2.671126e+01
26, 2020, 3, 4, 12, 339229, 82.441406, -15.404157, 9.899416e+04, 2.693842e+01
26, 2020, 3, 4, 15, 339229, 82.441406, -15.404157, 9.896594e+04, 2.714366e+01
26, 2020, 3, 4, 18, 339229, 82.441406, -15.404157, 9.854215e+04, 2.835913e+01
26, 2020, 3, 4, 21, 339221, 82.792969, -15.713926, 9.833604e+04, 2.905816e+01
26, 2020, 3, 5, 0, 339221, 82.792969, -15.713926, 9.828267e+04, 2.933925e+01
