,track_id, year, month, day, hour, i, j, lon, lat, psl_min, sfcWind_max, orog_max, wind_max_925, wind_max_850, rh_avg_850
1471,66,2020,9,1,6,1759,1160,247.429688,18.796875,98476.75,29.07103,0.0,44.61379,42.05094,84.65382
1472,66,2020,9,1,12,1757,1165,247.148438,19.265625,97631.25,30.82435,0.0,47.05383,45.93542,85.52386
1473,66,2020,9,1,18,1755,1168,246.867188,19.546875,97045.5,37.09637,0.0,53.66636,54.12774,85.33355
1474,66,2020,9,2,0,1754,1177,246.726562,20.390625,96558.25,38.0224,0.0,55.03308,55.55248,86.78072
1475,66,2020,9,2,6,1752,1187,246.445313,21.328125,96391.25,38.60153,0.0,57.09053,59.22837,86.9994
1476,66,2020,9,2,12,1748,1195,245.882812,22.078125,96482.5,36.29416,0.0,53.44624,53.1475,88.65921
1477,66,2020,9,2,18,1743,1202,245.179688,22.734375,97089.75,31.84852,0.0,48.35578,50.18123,88.85478
1478,66,2020,9,3,0,1737,1207,244.335938,23.203125,97242.25,29.74396,0.0,46.27449,46.23733,88.84525
1479,66,2020,9,3,6,1732,1212,243.632813,23.671875,97765.75,26.88924,0.0,41.88414,40.59807,87.5056
1480,66,2020,9,3,12,1726,1215,242.789062,23.953125,97902.75,26.12141,0.0,43.33464,37.56931,86.93891
1481,66,2020,9,3,18,1722,1216,242.226563,24.046875,98441.75,22.55168,0.0,34.83824,32.08801,84.20526
1482,66,2020,9,4,0,1720,1219,241.945312,24.328125,98519.75,20.8604,0.0,31.08557,26.73072,84.42439
1483,66,2020,9,4,6,1716,1225,241.382812,24.890625,99048.75,18.17708,0.0,28.35958,27.54797,83.88268
1484,66,2020,9,4,12,1710,1230,240.539062,25.359375,99053.0,17.40869,0.0,27.03383,25.00312,86.20622
1485,66,2020,9,4,18,1704,1231,239.695313,25.453125,99392.0,17.61613,0.0,29.36968,27.63716,86.28442
1486,66,2020,9,5,0,1699,1231,238.992188,25.453125,99331.5,16.66208,0.0,24.58817,21.86786,86.66976
1499,67,2020,9,1,6,1992,1207,280.195312,23.203125,100331.5,21.00967,0.0,25.02655,23.19819,84.74216
1500,67,2020,9,1,12,1986,1213,279.351562,23.765625,100091.5,16.55483,0.0,23.25302,20.84504,83.28553
1501,67,2020,9,1,18,1981,1217,278.648438,24.140625,99942.0,18.41747,0.0,22.5295,21.87214,84.3196
1502,67,2020,9,2,0,1979,1220,278.367188,24.421875,99821.25,18.10602,0.0,22.21838,20.88435,85.07382
1503,67,2020,9,2,6,1979,1229,278.367188,25.265625,99551.25,20.53237,0.0,27.66231,26.87238,85.21239
1504,67,2020,9,2,12,1979,1240,278.367188,26.296875,99557.75,17.55349,10.64247,30.13122,32.75859,84.47855
1505,67,2020,9,2,18,1980,1251,278.507813,27.328125,99581.75,18.56155,32.31848,30.12915,31.1699,86.12863
1506,67,2020,9,3,0,1982,1259,278.789062,28.078125,99468.25,22.02875,24.54865,30.53328,31.57234,83.89243
1507,67,2020,9,3,6,1987,1272,279.492188,29.296875,99347.75,22.73935,0.0,35.38825,38.57541,83.31705
1508,67,2020,9,3,12,1993,1286,280.335938,30.609375,99105.5,25.13619,0.0,35.72464,37.55267,82.74985
1509,67,2020,9,3,18,2002,1300,281.601562,31.921875,98777.25,25.41684,0.0,35.40878,39.53796,84.3792
1510,67,2020,9,4,0,2010,1310,282.726562,32.859375,98495.5,30.79164,0.0,42.67501,43.66134,82.98641
1511,67,2020,9,4,6,2021,1314,284.273438,33.234375,98818.0,33.44445,0.0,43.89921,45.05777,80.49361
1512,67,2020,9,4,12,2033,1328,285.960938,34.546875,98625.0,34.94639,0.0,48.53881,47.60006,80.78277
1513,67,2020,9,4,18,2045,1335,287.648438,35.203125,98427.5,33.99379,0.0,52.4543,54.48767,80.41499
1514,67,2020,9,5,0,2057,1337,289.335938,35.390625,98654.75,27.86154,0.0,40.41117,41.58764,82.35178
1518,68,2020,9,1,6,867,1204,121.992188,22.921875,100495.5,15.6135,0.0,18.88535,18.20113,80.12677
1519,68,2020,9,1,12,858,1221,120.726562,24.515625,100627.2,13.70447,109.115,20.37308,24.56751,78.37123
1520,68,2020,9,1,18,840,1202,118.195312,22.734375,100492.5,15.38059,0.0,21.07316,19.2049,84.19102
1521,68,2020,9,2,0,841,1196,118.335937,22.171875,100572.0,13.75511,0.0,18.64554,19.27596,82.76416
1522,68,2020,9,2,6,840,1200,118.195312,22.546875,100462.5,15.06756,0.0,17.21418,16.93969,82.29319
1523,68,2020,9,2,12,836,1205,117.632812,23.015625,100561.8,13.97151,0.0,21.00037,22.38094,82.04136
1524,68,2020,9,2,18,826,1213,116.226562,23.765625,100482.2,11.51629,288.4377,18.75,22.0103,82.97594
1525,68,2020,9,3,0,830,1200,116.789062,22.546875,100634.8,13.38376,0.0,19.25365,20.00625,84.95493
1528,69,2020,9,1,6,583,907,82.054688,-4.921875,100727.0,14.86292,0.0,17.15827,18.7704,81.67635
1529,69,2020,9,1,12,585,902,82.335938,-5.390625,100582.2,15.07533,0.0,19.45387,21.22241,82.24583
1530,69,2020,9,1,18,588,896,82.757812,-5.953125,100795.2,14.18296,0.0,16.82864,18.54218,81.98569
1531,69,2020,9,2,0,591,898,83.179688,-5.765625,100661.8,13.97542,0.0,16.57983,16.62077,82.61857
1532,69,2020,9,2,6,586,890,82.476563,-6.515625,100768.2,15.42776,0.0,18.9085,18.42298,84.20613
1533,69,2020,9,2,12,584,886,82.195312,-6.890625,100500.5,14.93423,0.0,19.70287,18.35245,84.1427
1534,69,2020,9,2,18,583,879,82.054688,-7.546875,100722.2,15.31033,0.0,20.27814,19.61544,84.87448
1535,69,2020,9,3,0,577,874,81.210938,-8.015625,100539.5,17.27399,0.0,21.39655,20.12655,86.08712
1536,69,2020,9,3,6,572,869,80.507812,-8.484375,100676.2,14.12721,0.0,22.12818,22.98267,85.28222
1537,69,2020,9,3,12,570,865,80.226562,-8.859375,100588.2,13.17253,0.0,20.5434,17.94871,84.89147
1538,69,2020,9,3,18,561,870,78.960938,-8.390625,100702.2,12.86286,0.0,19.03943,17.52186,84.90975
1539,69,2020,9,4,6,557,878,78.398438,-7.640625,100675.5,13.97542,0.0,19.11029,20.3888,86.04538
1540,69,2020,9,4,12,557,874,78.398438,-8.015625,100497.5,12.35731,0.0,18.63548,18.49747,85.86243
1541,69,2020,9,4,18,553,874,77.835938,-8.015625,100769.5,12.60022,0.0,19.75356,17.70637,86.26684
1542,69,2020,9,5,0,545,870,76.710938,-8.390625,100596.8,12.90954,0.0,20.12966,18.3222,87.16822
1545,70,2020,9,1,6,997,1140,140.273438,16.921875,100012.5,17.15007,0.0,23.44741,24.33137,84.61008
1546,70,2020,9,1,12,979,1149,137.742188,17.765625,100010.5,20.51295,0.0,25.24381,27.51278,83.76089
1547,70,2020,9,1,18,983,1141,138.304688,17.015625,99662.0,19.21669,0.0,29.40344,30.23088,85.44721
1548,70,2020,9,2,0,986,1155,138.726562,18.328125,99712.5,19.85298,0.0,31.14532,35.19699,85.51968
1549,70,2020,9,2,6,986,1174,138.726562,20.109375,99382.25,22.16768,0.0,36.05768,37.44267,85.60793
1550,70,2020,9,2,12,980,1191,137.882812,21.703125,99329.25,23.18,0.0,37.67397,38.91196,84.01131
1551,70,2020,9,2,18,974,1197,137.039062,22.265625,98786.25,23.93024,0.0,39.01062,40.7776,86.19472
1552,70,2020,9,3,0,975,1216,137.179688,24.046875,98377.5,27.02574,0.0,45.40409,48.24239,83.84571
1553,70,2020,9,3,6,967,1201,136.054688,22.640625,98120.0,27.07772,0.0,40.91245,44.37571,86.92067
1554,70,2020,9,3,12,976,1203,137.320312,22.828125,97932.0,28.79236,0.0,45.24534,46.36759,85.69385
1555,70,2020,9,3,18,966,1226,135.914063,24.984375,97289.0,29.27136,0.0,45.23705,48.07172,86.26649
1556,70,2020,9,4,0,957,1242,134.648438,26.484375,96972.5,35.47909,0.0,53.66709,58.00997,85.92624
1557,70,2020,9,4,6,956,1243,134.507812,26.578125,96236.5,34.86447,0.0,52.3271,54.40186,87.9762
1558,70,2020,9,4,12,959,1243,134.929688,26.578125,95642.5,42.62115,0.0,59.93968,55.84031,89.89159
1559,70,2020,9,4,18,956,1256,134.507812,27.796875,95020.75,40.08156,0.0,58.29036,63.42281,90.83552
1560,70,2020,9,5,0,959,1267,134.929688,28.828125,94996.0,42.88448,0.0,60.74949,66.67142,91.75864
1561,71,2020,9,1,6,2365,639,332.648438,-30.046875,99944.5,24.79982,0.0,39.26851,41.21968,90.21561
1562,71,2020,9,1,12,2388,628,335.882812,-31.078125,99072.0,24.61104,0.0,36.16153,37.35493,88.18161
1563,71,2020,9,1,18,2404,624,338.132812,-31.453125,98163.25,28.90204,0.0,42.53473,45.3502,88.01342
1564,71,2020,9,2,0,2416,618,339.820312,-32.015625,98025.75,26.15011,0.0,37.94445,40.42451,88.8747
1565,71,2020,9,2,6,2427,608,341.367188,-32.953125,97555.25,25.16446,0.0,34.62703,34.71513,89.95045
1566,71,2020,9,2,12,2433,599,342.210938,-33.796875,97503.5,24.93272,0.0,36.44602,35.44185,90.0117
1567,71,2020,9,2,18,2438,591,342.914062,-34.546875,97295.25,24.67096,0.0,36.58082,37.35054,92.60163
1568,71,2020,9,3,0,2446,592,344.039062,-34.453125,97614.25,22.25562,0.0,33.38085,33.34385,92.29189
1569,71,2020,9,3,6,2458,587,345.726562,-34.921875,97794.75,22.22189,0.0,31.2575,31.97289,90.55099
1570,71,2020,9,3,12,2470,580,347.414062,-35.578125,98094.0,21.79915,0.0,34.85259,35.31134,90.41507
1571,71,2020,9,3,18,2484,570,349.382813,-36.515625,98212.25,20.22877,0.0,34.99464,34.6996,91.77185
1572,71,2020,9,4,0,2500,555,351.632813,-37.921875,98408.5,20.45002,0.0,33.89437,32.19957,91.7163
1573,71,2020,9,4,12,2533,533,356.273438,-39.984375,98514.25,23.79732,0.0,32.38658,31.37898,89.91237
1574,72,2020,9,10,0,2182,1114,306.914062,14.484375,99398.75,30.80914,0.0,39.32576,34.70433,80.18108
1575,72,2020,9,10,6,2182,1117,306.914062,14.765625,98725.75,29.62605,0.0,40.6888,37.64576,81.13071
1576,72,2020,9,10,12,2179,1117,306.492188,14.765625,98734.75,32.52907,0.0,46.85233,41.5927,80.40067
1577,72,2020,9,10,18,2176,1120,306.070312,15.046875,98105.5,33.65844,0.0,46.81646,41.10847,80.03664
1578,72,2020,9,11,0,2176,1123,306.070312,15.328125,97486.25,38.4663,0.0,51.66236,45.12656,81.92118
1579,72,2020,9,11,6,2174,1128,305.789062,15.796875,97648.5,34.7745,0.0,46.9308,47.68271,81.68227
1580,72,2020,9,11,12,2172,1134,305.507812,16.359375,97642.5,41.47364,0.0,57.0715,52.78864,80.08137
1581,72,2020,9,11,18,2171,1141,305.367188,17.015625,96522.75,39.8985,0.0,55.15461,53.3321,80.72182
1582,72,2020,9,12,0,2170,1146,305.226563,17.484375,97035.5,42.69825,0.0,57.57821,54.72102,79.23009
1583,72,2020,9,12,6,2168,1155,304.945312,18.328125,96827.25,41.62519,0.0,54.52193,53.6518,78.36391
1584,72,2020,9,12,12,2166,1163,304.664062,19.078125,96861.5,38.88464,0.0,55.09112,51.0098,78.83515
1585,72,2020,9,12,18,2164,1172,304.382812,19.921875,96622.75,40.93383,0.0,55.35637,52.8976,79.54355
1586,72,2020,9,13,0,2162,1179,304.101563,20.578125,96506.5,46.32764,0.0,62.38439,60.30042,79.30739
1587,72,2020,9,13,6,2158,1187,303.539062,21.328125,96045.5,43.6395,0.0,57.98949,58.18854,80.67128
1588,72,2020,9,13,12,2155,1194,303.117188,21.984375,96540.0,38.89449,0.0,53.91718,50.00156,78.73467
1589,72,2020,9,13,18,2150,1203,302.414062,22.828125,96634.75,41.39595,0.0,59.88805,56.23889,79.45605
1590,72,2020,9,14,0,2148,1208,302.132812,23.296875,96599.0,40.7776,0.0,59.22679,58.43292,78.6172
1591,72,2020,9,14,6,2143,1214,301.429688,23.859375,96542.75,43.62948,0.0,61.45374,58.80064,78.87174
1592,72,2020,9,14,12,2140,1220,301.007812,24.421875,96265.5,48.38081,0.0,67.06923,67.10638,78.01929
1593,72,2020,9,14,18,2136,1225,300.445313,24.890625,95916.5,48.35691,0.0,65.38551,63.21948,77.7708
1594,72,2020,9,15,0,2134,1228,300.164062,25.171875,95669.25,48.35578,0.0,65.14335,64.2011,79.35693
1595,72,2020,9,15,6,2130,1232,299.601562,25.546875,95321.0,54.31189,0.0,70.62677,70.35324,79.5777
1596,72,2020,9,15,12,2128,1235,299.320312,25.828125,95108.75,50.97503,0.0,67.66461,67.92114,76.77353
1597,72,2020,9,15,18,2126,1239,299.039062,26.203125,95222.0,48.01985,0.0,67.10184,68.0332,78.10184
1598,72,2020,9,16,0,2125,1244,298.898438,26.671875,94876.75,53.37032,0.0,70.98107,72.01833,75.31187
1599,72,2020,9,16,6,2123,1248,298.617188,27.046875,94444.5,58.60154,0.0,76.50572,75.54903,78.47736
1600,72,2020,9,16,12,2124,1254,298.757812,27.609375,94431.0,55.08701,0.0,73.95797,77.38146,80.69765
1601,72,2020,9,16,18,2124,1263,298.757812,28.453125,93951.5,55.95366,0.0,72.81709,75.34307,79.34874
1602,72,2020,9,17,0,2124,1272,298.757812,29.296875,94176.25,51.84231,0.0,69.6637,72.22501,78.78671
1603,72,2020,9,17,6,2125,1283,298.898438,30.328125,94944.0,44.30734,0.0,61.78719,63.12289,79.25427
1604,72,2020,9,17,12,2128,1294,299.320312,31.359375,95275.0,42.85604,0.0,62.33704,60.8854,80.82873
1605,72,2020,9,17,18,2132,1307,299.882812,32.578125,95165.0,42.3868,0.0,60.79641,57.36574,78.40006
1606,72,2020,9,18,0,2138,1318,300.726562,33.609375,95700.25,41.79732,0.0,59.43865,61.59266,79.06853
1607,72,2020,9,18,6,2144,1332,301.570313,34.921875,95812.0,41.47759,0.0,60.26206,60.71668,77.58183
1608,72,2020,9,18,12,2150,1346,302.414062,36.234375,95998.25,36.29222,0.0,54.35201,55.57793,84.93376
1609,72,2020,9,18,18,2157,1360,303.398438,37.546875,95825.5,37.07804,0.0,54.60226,51.00306,84.89382
1610,72,2020,9,19,0,2164,1373,304.382812,38.765625,95976.0,36.1025,0.0,54.10017,53.59163,88.1553
1611,72,2020,9,19,6,2172,1384,305.507812,39.796875,96139.25,34.15132,0.0,49.15807,50.52629,90.02693
1612,72,2020,9,19,12,2182,1393,306.914062,40.640625,96061.5,31.42899,0.0,45.79984,43.85345,91.42489
1613,72,2020,9,19,18,2191,1403,308.179688,41.578125,95818.25,27.52556,0.0,42.61198,41.29051,93.03128
1614,72,2020,9,20,0,2199,1408,309.304688,42.046875,96150.0,29.30977,0.0,43.831,40.10085,93.65886
1615,72,2020,9,20,6,2209,1412,310.710938,42.421875,96551.75,25.78032,0.0,42.61235,37.63517,93.85628
1616,72,2020,9,20,12,2221,1415,312.398438,42.703125,97348.75,24.75442,0.0,41.59703,38.7621,92.38697
1617,72,2020,9,20,18,2233,1419,314.085938,43.078125,97822.5,23.69401,0.0,37.26698,38.65755,90.63929
1618,72,2020,9,21,0,2248,1423,316.195312,43.453125,98222.75,22.95172,0.0,35.88023,37.02913,91.59448
1619,72,2020,9,21,6,2266,1430,318.726562,44.109375,98225.5,23.58661,0.0,35.29208,35.35998,93.78915
1620,72,2020,9,21,12,2287,1438,321.679688,44.859375,98470.25,21.55117,0.0,34.93253,33.57198,93.70022
1621,72,2020,9,21,18,2309,1451,324.773438,46.078125,98443.25,21.38085,0.0,35.54311,35.20032,93.30718
1622,72,2020,9,22,0,2335,1463,328.429688,47.203125,98375.75,21.08947,0.0,35.18922,35.66883,92.59109
1623,72,2020,9,22,6,2365,1480,332.648438,48.796875,97950.0,21.09391,0.0,36.21227,37.0753,91.36213
1624,73,2020,9,10,0,2408,1165,338.695313,19.265625,100497.2,21.73131,0.0,38.23304,38.00329,78.8844
1625,73,2020,9,10,6,2400,1174,337.570312,20.109375,100176.8,26.2494,0.0,40.96969,41.68033,82.02789
1626,73,2020,9,10,12,2387,1175,335.742188,20.203125,100506.0,23.83865,0.0,36.61369,38.22323,83.18549
1627,73,2020,9,10,18,2385,1170,335.460938,19.734375,100333.2,21.36879,0.0,31.5857,33.25587,83.24989
1628,73,2020,9,11,0,2378,1172,334.476562,19.921875,100601.2,18.92502,0.0,29.62315,27.625,82.70563
1629,73,2020,9,11,6,2371,1174,333.492188,20.109375,100531.8,18.64554,0.0,27.06474,26.13247,87.81676
1630,73,2020,9,11,12,2365,1173,332.648438,20.015625,100786.8,16.82725,0.0,25.01406,25.03248,84.24534
1631,73,2020,9,11,18,2364,1178,332.507812,20.484375,100661.5,16.69253,0.0,26.77919,24.744,85.70629
1632,73,2020,9,12,0,2355,1174,331.242188,20.109375,100974.0,15.94179,0.0,25.25681,20.94823,83.93446
1633,73,2020,9,12,6,2341,1183,329.273438,20.953125,100801.8,16.68176,0.0,24.74937,25.66156,82.73346
1634,73,2020,9,12,18,2335,1174,328.429688,20.109375,100858.0,13.41932,0.0,20.5719,17.52008,81.27773
1635,73,2020,9,13,6,2315,1168,325.617188,19.546875,101040.2,13.41932,0.0,19.64728,17.16191,78.44009
1636,73,2020,9,13,18,2308,1160,324.632813,18.796875,101025.2,12.0377,0.0,18.76499,16.8161,73.88229
1637,73,2020,9,14,0,2308,1164,324.632813,19.171875,101338.8,14.90019,0.0,23.8475,21.88678,76.45114
1638,73,2020,9,14,6,2289,1174,321.960938,20.109375,101065.5,15.43636,0.0,23.24395,20.79551,83.61742
1639,74,2020,9,10,0,1049,1344,147.585938,36.046875,93753.75,40.06733,0.0,58.1727,64.95732,92.56177
1640,74,2020,9,10,6,1050,1362,147.726562,37.734375,93926.0,37.28019,0.0,56.85205,62.31297,93.18627
1641,74,2020,9,10,12,1053,1381,148.148438,39.515625,94502.5,35.88741,0.0,56.06497,63.87904,94.08006
1642,74,2020,9,10,18,1060,1403,149.132812,41.578125,95173.25,31.11596,0.0,51.70726,58.00337,93.87151
1643,74,2020,9,11,0,1073,1426,150.960938,43.734375,95916.5,29.25774,0.0,48.32523,52.78731,92.26353
1644,74,2020,9,11,6,1094,1448,153.914063,45.796875,96576.0,24.16609,0.0,43.90989,47.38803,90.74927
1645,74,2020,9,11,12,1120,1465,157.570312,47.390625,97445.25,22.36522,0.0,42.32501,43.51006,89.47301
1646,74,2020,9,11,18,1147,1476,161.367188,48.421875,98014.75,21.6802,0.0,39.2502,43.3723,90.23706
1647,74,2020,9,12,0,1175,1479,165.304688,48.703125,98377.75,21.08391,0.0,38.13811,40.25175,91.85075
1648,74,2020,9,12,6,1202,1476,169.101562,48.421875,98559.5,20.56734,0.0,33.62151,36.54813,90.43064
1649,75,2020,9,10,18,1083,1233,152.367188,25.640625,100448.5,19.71556,0.0,24.4502,24.23356,82.4753
1650,75,2020,9,11,6,1069,1184,150.398438,21.046875,100338.2,19.2796,0.0,27.03759,24.83949,83.78956
1651,75,2020,9,11,18,1035,1199,145.617188,22.453125,100338.2,19.52562,0.0,30.36368,29.85015,83.31796
1652,75,2020,9,12,6,1006,1200,141.539062,22.546875,100315.5,18.38818,0.0,26.74094,25.19828,82.61864
1653,75,2020,9,12,12,1005,1212,141.398438,23.671875,100348.0,22.56241,0.0,33.91994,31.97069,85.23518
1654,75,2020,9,12,18,989,1213,139.148438,23.765625,100025.0,19.58834,0.0,30.6352,31.02444,84.45188
1655,75,2020,9,13,0,984,1207,138.445312,23.203125,100190.8,22.5586,0.0,33.99747,33.5049,85.27669
1656,75,2020,9,13,6,979,1212,137.742188,23.671875,99859.5,22.49028,0.0,32.61159,29.18529,85.08774
1657,75,2020,9,13,12,966,1210,135.914063,23.484375,99843.25,21.6629,0.0,33.2192,30.13148,84.94968
1658,75,2020,9,13,18,966,1210,135.914063,23.484375,99522.25,18.69826,0.0,29.59783,28.69152,85.38934
1659,75,2020,9,14,0,959,1214,134.929688,23.859375,99424.75,20.91949,0.0,31.03627,29.33641,86.12762
1660,75,2020,9,14,6,952,1217,133.945312,24.140625,99123.25,24.81462,0.0,34.66018,35.25709,85.2903
1661,75,2020,9,14,12,948,1218,133.382812,24.234375,98961.0,23.16685,0.0,38.97375,35.5497,84.14009
1662,75,2020,9,14,18,942,1225,132.539062,24.890625,98612.75,22.16768,0.0,35.93332,35.05019,83.9936
1663,75,2020,9,15,0,937,1230,131.835938,25.359375,98782.0,24.28606,0.0,36.02169,32.982,83.99572
1664,75,2020,9,15,6,934,1239,131.414063,26.203125,98401.5,22.80488,0.0,35.55366,38.60153,84.81339
1665,75,2020,9,15,12,931,1241,130.992188,26.390625,98627.5,23.79929,0.0,35.97417,36.37414,83.16933
1666,75,2020,9,15,18,930,1249,130.851563,27.140625,98152.75,25.92326,0.0,34.1927,39.06105,87.28714
1667,75,2020,9,16,0,933,1261,131.273438,28.265625,98665.0,23.53521,0.0,37.12584,38.50325,86.54963
1668,75,2020,9,16,6,933,1268,131.273438,28.921875,98462.75,24.44158,0.0,31.95823,32.5442,86.06747
1669,75,2020,9,16,12,933,1275,131.273438,29.578125,98843.75,19.76898,0.0,28.50466,30.83879,87.446
1670,75,2020,9,16,18,936,1283,131.695312,30.328125,99046.25,17.87544,0.0,28.13472,28.02705,85.42873
1671,75,2020,9,17,0,942,1289,132.539062,30.890625,99453.75,20.06591,0.0,28.01925,28.79073,86.10854
1672,75,2020,9,17,6,952,1296,133.945312,31.546875,99396.0,23.05733,0.0,32.36366,30.16957,86.21504
1673,75,2020,9,17,12,964,1313,135.632812,33.140625,99746.75,21.5711,0.0,33.81129,30.37268,86.65344
1674,75,2020,9,17,18,986,1333,138.726562,35.015625,99708.5,19.78991,0.0,33.87708,34.73201,85.57298
1675,75,2020,9,18,0,1006,1340,141.539062,35.671875,100170.5,21.08502,0.0,31.09512,29.99271,83.56738
1676,75,2020,9,18,6,1028,1365,144.632812,38.015625,99993.25,19.86989,0.0,32.44466,34.86447,82.48355
1677,76,2020,9,12,0,1380,552,194.132812,-38.203125,98482.0,22.0103,0.0,35.72333,33.87708,89.12614
1678,76,2020,9,12,6,1394,540,196.101562,-39.328125,98558.5,22.50555,0.0,33.97173,34.75809,93.57625
1679,76,2020,9,12,12,1415,526,199.054688,-40.640625,98615.5,20.15332,0.0,34.6933,35.22628,94.3241
1680,76,2020,9,12,18,1434,516,201.726563,-41.578125,98775.75,19.19065,0.0,33.67607,30.80026,93.45235
1681,76,2020,9,13,0,1454,500,204.539062,-43.078125,98711.0,18.60275,0.0,33.39396,32.99455,93.14394
1682,76,2020,9,13,6,1471,487,206.929688,-44.296875,98794.25,16.37691,0.0,29.65768,27.70041,93.54862
1683,76,2020,9,13,12,1488,474,209.320312,-45.515625,98719.0,15.74206,0.0,27.66682,24.96904,93.48203
1684,76,2020,9,13,18,1501,461,211.148438,-46.734375,98825.75,19.27596,0.0,27.03961,23.74145,93.70761
1685,76,2020,9,14,0,1508,456,212.132812,-47.203125,98830.25,19.02507,0.0,27.28209,21.96944,93.89308
1686,76,2020,9,14,6,1512,455,212.695312,-47.296875,99023.75,18.85181,0.0,27.90301,23.32515,94.37279
1687,76,2020,9,14,12,1512,462,212.695312,-46.640625,99120.25,18.60485,0.0,27.03268,23.05496,95.7716
1688,76,2020,9,14,18,1515,467,213.117188,-46.171875,99421.5,17.81546,0.0,26.16355,20.83904,95.94994
1689,77,2020,9,12,18,1273,473,179.085938,-45.609375,100071.8,16.03512,0.0,23.17596,20.3658,79.95382
1690,77,2020,9,13,0,1279,482,179.929688,-44.765625,100002.0,17.8964,0.0,24.33747,22.81721,79.76035
1691,77,2020,9,13,6,1285,485,180.773438,-44.484375,100174.2,16.64942,0.0,22.41721,20.625,78.42557
1692,77,2020,9,13,12,1298,487,182.601562,-44.296875,100468.2,14.5629,0.0,17.60726,18.5308,82.0126
1693,77,2020,9,13,18,1311,488,184.429688,-44.203125,100709.8,14.83766,0.0,20.18044,19.26866,83.50117
1694,77,2020,9,14,0,1343,494,188.929688,-43.640625,100801.0,15.10381,0.0,20.55861,19.25365,85.5723
1695,77,2020,9,14,6,1343,480,188.929688,-44.953125,100739.2,16.57747,0.0,20.47292,18.24529,88.68616
1696,77,2020,9,14,12,1337,473,188.085938,-45.609375,100838.8,15.81139,0.0,19.48918,18.5,89.11109
1697,77,2020,9,14,18,1334,476,187.664063,-45.328125,100996.8,14.82449,0.0,19.55761,17.59128,86.47502
1698,77,2020,9,15,0,1335,477,187.804688,-45.234375,101080.8,16.1405,0.0,20.23919,20.35697,84.02523
1699,78,2020,9,12,18,834,1077,117.351562,11.015625,100386.2,18.05028,0.0,25.2147,26.12859,83.45325
1700,78,2020,9,13,0,843,1100,118.617188,13.171875,100529.0,16.95813,0.0,22.37535,23.75395,82.44552
1701,78,2020,9,13,6,843,1110,118.617188,14.109375,100113.8,16.67567,0.0,23.39137,23.56971,83.72896
1702,78,2020,9,13,12,839,1110,118.054688,14.109375,100144.8,18.14008,0.0,22.30541,21.55226,83.37847
1703,78,2020,9,13,18,837,1107,117.773437,13.828125,99852.5,17.64449,0.0,24.15186,21.06426,83.50296
1704,78,2020,9,14,0,842,1117,118.476562,14.765625,99945.75,15.67043,0.0,19.90171,22.68328,84.08712
1705,78,2020,9,14,6,840,1125,118.195312,15.515625,99574.25,18.66564,0.0,22.48923,23.83963,82.82854
1706,78,2020,9,14,12,838,1131,117.914063,16.078125,99488.75,18.66564,0.0,24.54747,22.89651,83.81017
1707,78,2020,9,14,18,835,1139,117.492188,16.828125,99017.75,21.20178,0.0,25.65547,25.4859,84.19256
1708,78,2020,9,15,0,832,1146,117.070312,17.484375,98680.75,24.1871,0.0,34.68722,31.97069,84.5697
1709,78,2020,9,15,6,829,1155,116.648438,18.328125,98615.25,23.16045,0.0,30.01302,28.40252,84.3475
1710,78,2020,9,15,12,825,1156,116.085938,18.421875,98604.25,30.35879,0.0,38.04808,30.89549,84.00056
1711,78,2020,9,15,18,823,1158,115.804688,18.609375,97759.75,34.21554,0.0,50.30672,41.60116,82.92961
1712,78,2020,9,16,0,821,1161,115.523438,18.890625,98371.75,25.50306,0.0,35.26019,35.01807,83.35069
1713,78,2020,9,16,6,821,1165,115.523438,19.265625,98031.5,30.57803,0.0,37.29967,36.23383,83.83883
1714,78,2020,9,16,12,817,1165,114.960938,19.265625,98150.25,29.38165,0.0,42.60007,40.80518,84.17563
1715,78,2020,9,16,18,813,1167,114.398438,19.453125,97862.5,34.38068,0.0,49.98078,48.58787,83.90364
1716,78,2020,9,17,0,809,1167,113.835937,19.453125,97667.25,36.31847,0.0,49.14901,44.80043,84.15925
1717,78,2020,9,17,6,804,1168,113.132812,19.546875,97391.75,35.66533,0.0,50.8183,47.58841,82.81178
1718,78,2020,9,17,12,800,1167,112.570312,19.453125,97361.75,35.75612,0.0,52.68198,53.22417,86.76523
1719,78,2020,9,17,18,795,1168,111.867188,19.546875,97421.75,36.80629,0.0,51.38853,49.48895,88.69465
1720,78,2020,9,18,0,788,1168,110.882812,19.546875,98351.0,26.26904,0.02543552,38.80742,39.16093,87.54166
1721,78,2020,9,18,6,782,1168,110.039063,19.546875,99231.5,21.58739,102.2138,29.65347,31.73154,87.7395
1722,78,2020,9,18,12,777,1164,109.335938,19.171875,99952.75,20.35083,473.5939,27.6134,27.87948,88.93293
1723,78,2020,9,18,18,773,1159,108.773438,18.703125,100017.5,19.63296,271.4984,25.46137,25.86292,83.50525
1724,78,2020,9,19,0,766,1155,107.789063,18.328125,100089.5,21.89535,0.0,28.73396,28.99623,82.02999
1725,78,2020,9,19,6,763,1155,107.367188,18.328125,99850.25,22.58906,0.0,26.68011,26.74562,84.65289
1726,78,2020,9,19,12,759,1155,106.804687,18.328125,99999.0,21.70001,0.0,28.72336,26.38566,84.46147
1727,78,2020,9,19,18,756,1154,106.382812,18.234375,100286.0,16.00439,8.428879,21.30324,24.36474,84.78622
1728,79,2020,9,15,6,1016,1142,142.945312,17.109375,99849.25,21.50036,0.0,30.89549,30.37911,82.06033
1729,79,2020,9,15,12,1014,1152,142.664062,18.046875,100118.5,18.78039,0.0,26.52387,25.98557,84.51899
1730,79,2020,9,15,18,1011,1155,142.242188,18.328125,99853.25,19.38508,0.0,26.80019,24.07183,84.08082
1731,79,2020,9,16,6,1010,1149,142.101562,17.765625,99705.25,19.4378,0.0,27.63207,28.79073,84.54432
1732,79,2020,9,16,12,1011,1151,142.242188,17.953125,99964.0,18.40601,0.0,27.16644,26.88227,83.6746
1733,79,2020,9,16,18,1009,1158,141.960938,18.609375,99707.0,18.85181,0.0,27.18369,27.40039,84.62511
1734,79,2020,9,17,0,1005,1155,141.398438,18.328125,99867.5,26.37293,0.0,33.80181,28.50795,83.72228
1735,79,2020,9,17,6,1008,1165,141.820312,19.265625,99417.75,22.6595,0.0,32.95001,32.08801,83.55728
1736,79,2020,9,17,12,1008,1167,141.820312,19.453125,99345.0,26.32608,0.0,37.27956,38.93103,84.41397
1737,79,2020,9,17,18,1004,1180,141.257812,20.671875,98990.25,23.26209,0.0,35.52398,35.8059,83.19187
1738,79,2020,9,18,0,1003,1184,141.117188,21.046875,98832.25,23.79732,0.0,34.93968,35.90895,84.05658
1739,79,2020,9,18,6,999,1187,140.554688,21.328125,98262.0,24.38301,0.0,34.38863,35.06178,84.01007
1740,79,2020,9,18,12,991,1192,139.429688,21.796875,97903.5,28.09471,0.0,39.7555,38.75605,84.78292
1741,79,2020,9,18,18,985,1196,138.585938,22.171875,97446.25,29.89382,0.0,42.03812,43.72803,83.94855
1742,79,2020,9,19,0,978,1199,137.601562,22.453125,96994.25,30.37526,0.0,43.39679,42.39565,83.37209
1743,79,2020,9,19,6,970,1201,136.476562,22.640625,96089.25,42.25111,0.0,58.60581,57.35035,84.64697
1744,79,2020,9,19,12,964,1204,135.632812,22.921875,94979.0,45.48575,0.0,60.49961,63.44991,83.03862
1745,79,2020,9,19,18,955,1207,134.367188,23.203125,93457.5,44.53317,0.0,59.03984,59.48214,85.37495
1746,79,2020,9,20,0,948,1207,133.382812,23.203125,93943.5,43.671,0.0,59.27861,60.33099,86.47691
1747,79,2020,9,20,6,941,1209,132.398438,23.390625,92797.25,54.78324,0.0,69.41463,71.47607,85.96862
1748,79,2020,9,20,12,933,1210,131.273438,23.484375,92005.0,57.13539,0.0,73.65768,77.29105,87.42995
1749,79,2020,9,20,18,926,1210,130.289062,23.484375,91712.5,54.20591,0.0,67.93494,73.97603,88.31077
1750,79,2020,9,21,0,920,1210,129.445312,23.484375,91570.75,59.05321,0.0,70.1289,76.81187,86.80895
1751,79,2020,9,21,6,915,1212,128.742188,23.671875,90913.75,57.56152,0.0,67.88409,74.91505,87.21008
1752,79,2020,9,21,12,911,1213,128.179688,23.765625,91153.5,52.05916,0.0,65.06307,66.44794,88.28494
1753,79,2020,9,21,18,906,1218,127.476562,24.234375,91435.25,56.06748,0.0,68.37877,73.72722,90.51871
1754,79,2020,9,22,0,904,1222,127.195313,24.609375,91680.0,59.5525,0.0,75.35593,81.80808,89.43829
1755,79,2020,9,22,6,904,1228,127.195313,25.171875,90900.0,63.64845,0.0,72.30415,86.38368,91.27775
1756,79,2020,9,22,12,906,1235,127.476562,25.828125,91717.5,57.66783,0.0,73.82411,80.08287,91.20916
1757,79,2020,9,22,18,908,1245,127.757813,26.765625,91852.25,53.16161,0.0,68.5431,76.56901,90.81767
1758,79,2020,9,23,0,912,1256,128.320312,27.796875,92025.5,54.20923,0.0,70.78356,79.55943,90.58938
1759,79,2020,9,23,6,916,1268,128.882812,28.921875,91578.25,59.75157,0.0,69.45558,78.39005,89.71122
1760,79,2020,9,23,12,923,1284,129.867188,30.421875,91703.5,59.11033,0.0,71.43845,74.0304,86.52174
1761,79,2020,9,23,18,932,1307,131.132812,32.578125,94354.5,39.35515,903.8531,56.98821,61.55041,86.94328
1762,79,2020,9,24,0,945,1335,132.960938,35.203125,95747.25,34.5077,382.4408,53.73561,62.07971,86.88777
1763,79,2020,9,24,6,952,1371,133.945312,38.578125,95844.0,32.62716,0.0,50.25995,53.3971,86.20889
1764,79,2020,9,24,12,956,1401,134.507812,41.390625,95980.25,29.43345,0.0,48.02343,49.28616,90.82941
1765,79,2020,9,24,18,960,1430,135.070312,44.109375,95933.5,26.00391,541.3214,40.30664,49.38402,91.56298
1766,79,2020,9,25,0,957,1461,134.648438,47.015625,96676.25,20.21486,346.2162,38.3805,42.36025,92.05586
1767,79,2020,9,25,6,954,1472,134.226562,48.046875,97102.25,15.10019,55.35603,31.73573,33.94711,92.5751
1768,79,2020,9,25,12,959,1484,134.929688,49.171875,97572.0,11.75,217.4637,26.45308,26.70469,92.47935
1769,79,2020,9,25,18,961,1490,135.210938,49.734375,97765.0,10.43582,88.98413,22.79151,25.96392,91.36234
1770,80,2020,9,19,6,2440,1120,343.195312,15.046875,100962.5,12.6417,51.57023,18.56618,17.40375,62.19422
1771,80,2020,9,19,12,2431,1120,341.929687,15.046875,101096.8,16.73507,0.0,16.57983,18.49535,60.89194
1772,80,2020,9,19,18,2423,1122,340.804688,15.234375,100892.8,10.63676,0.0,15.93444,18.45603,64.47351
1773,80,2020,9,20,0,2421,1121,340.523438,15.140625,101186.5,11.02979,0.0,17.44276,22.58906,73.03471
1774,80,2020,9,20,6,2410,1114,338.976562,14.484375,100997.5,10.58079,0.0,14.27684,20.66587,76.74802
1775,80,2020,9,20,12,2397,1112,337.148437,14.296875,101211.5,12.11211,0.0,19.63137,20.4091,79.41986
1776,80,2020,9,21,0,2378,1106,334.476562,13.734375,101208.5,13.81858,0.0,19.93466,20.06591,83.31458
1777,80,2020,9,21,6,2364,1106,332.507812,13.734375,101053.0,16.57181,0.0,24.77965,21.31901,84.24055
1778,80,2020,9,21,18,2334,1101,328.289062,13.265625,100938.2,13.76703,0.0,20.5061,17.88592,84.67934
1779,80,2020,9,22,0,2326,1099,327.164063,13.078125,101231.8,13.60147,0.0,22.80488,22.50625,85.53956
1780,80,2020,9,22,6,2308,1103,324.632813,13.453125,100977.0,15.06911,0.0,22.43915,23.9224,84.37022
1781,80,2020,9,22,12,2294,1091,322.664062,12.328125,101254.8,14.089,0.0,23.09254,22.46803,83.50126
1782,81,2020,9,24,18,660,1114,92.882812,14.484375,100142.5,13.19327,0.0,17.53078,17.67767,84.94833
1783,81,2020,9,25,0,652,1121,91.757813,15.140625,100195.5,15.01301,0.0,17.83694,18.25,85.04176
1784,81,2020,9,25,6,639,1125,89.929688,15.515625,100144.0,14.48545,0.0,19.32696,19.3314,84.59568
1785,81,2020,9,25,12,647,1138,91.054688,16.734375,100072.5,14.40594,0.0,20.33009,20.88211,85.07602
1786,81,2020,9,25,18,644,1118,90.632812,14.859375,100017.5,18.29105,0.0,22.71323,20.42096,84.97067
1787,81,2020,9,26,0,633,1151,89.085937,17.953125,100045.5,15.69683,0.0,22.61706,24.32238,85.30994
1788,81,2020,9,26,6,626,1144,88.101562,17.296875,99849.0,19.19065,0.0,24.59834,26.1922,84.7534
1789,81,2020,9,26,12,628,1146,88.382812,17.484375,99681.0,17.52008,0.0,25.49663,25.77123,84.08767
1790,81,2020,9,26,18,629,1147,88.523438,17.578125,99700.5,17.86232,0.0,24.43614,22.43915,86.69103
1791,81,2020,9,27,0,612,1154,86.132812,18.234375,99023.0,24.77555,0.0,31.41681,30.25155,84.82875
1792,81,2020,9,27,6,618,1153,86.976562,18.140625,99250.25,19.10497,0.0,28.84576,28.98302,87.5
1793,81,2020,9,27,12,617,1172,86.835937,19.921875,99258.25,20.4332,0.0,32.25024,31.22199,86.35125
1794,81,2020,9,27,18,608,1169,85.570312,19.640625,99336.0,18.20886,0.0,26.83427,30.31836,89.24693
1795,81,2020,9,28,0,589,1170,82.898437,19.734375,99347.0,15.27304,285.658,27.00839,30.75635,88.47935
1796,81,2020,9,28,6,584,1175,82.195312,20.203125,99475.75,14.08734,508.0383,23.71346,29.20001,92.07899
1797,81,2020,9,28,12,579,1175,81.492188,20.203125,99295.0,12.9663,502.8296,27.92065,29.54049,91.89136
1798,81,2020,9,28,18,575,1178,80.929688,20.484375,99474.0,13.42223,421.9334,26.58506,27.65327,93.48321
1799,81,2020,9,29,0,566,1184,79.664062,21.046875,99600.0,9.789184,264.2234,22.6788,24.84483,92.98325
1800,81,2020,9,29,6,560,1184,78.820312,21.046875,99805.75,10.17426,395.9894,22.03548,25.78578,94.56951
1801,81,2020,9,29,12,556,1189,78.257812,21.515625,99747.5,9.778804,484.7797,23.86551,24.66177,93.07386
1802,81,2020,9,29,18,555,1198,78.117188,22.359375,99984.75,10.79134,448.2101,23.42341,27.86575,93.75605
1803,81,2020,9,30,0,552,1207,77.695312,23.203125,100005.5,9.576175,471.7008,24.95308,22.96227,94.08919
1804,81,2020,9,30,6,547,1218,76.992188,24.234375,100154.2,11.08067,427.0796,21.86214,23.92077,94.91433
1805,81,2020,9,30,12,543,1227,76.429688,25.078125,100002.8,8.913649,266.4914,22.37814,22.9592,93.95389
1806,81,2020,9,30,18,536,1231,75.445312,25.453125,100138.5,8.610495,339.043,19.41367,24.41119,92.04704
1813,82,2020,9,24,18,956,1149,134.507812,17.765625,100133.8,18.28122,0.0,23.98079,24.8976,81.62389
1814,82,2020,9,25,0,962,1158,135.351563,18.609375,100433.5,16.85323,0.0,21.39874,21.55371,82.2484
1815,82,2020,9,25,6,962,1169,135.351563,19.640625,100094.5,15.7371,0.0,18.38818,19.17233,83.07888
1816,82,2020,9,25,12,963,1172,135.492188,19.921875,100324.2,15.25051,0.0,20.42096,18.27738,82.66175
1817,82,2020,9,25,18,962,1183,135.351563,20.953125,100044.5,18.25,0.0,22.99185,24.1483,83.90208
1818,82,2020,9,26,0,954,1197,134.226562,22.265625,100269.2,19.18414,0.0,25.43527,27.26032,83.27969
1819,82,2020,9,26,6,956,1208,134.507812,23.296875,99916.75,21.56567,0.0,27.14429,25.43773,82.51603
1820,82,2020,9,26,12,947,1218,133.242188,24.234375,99967.25,21.875,0.0,29.83287,30.51332,77.07552
1821,82,2020,9,26,18,946,1228,133.101562,25.171875,99734.25,21.01525,0.0,27.90273,27.92428,73.24773
1822,82,2020,9,27,0,942,1240,132.539062,26.296875,99851.75,22.81515,0.0,27.5596,25.00125,76.34333
1823,82,2020,9,27,6,938,1249,131.976562,27.140625,99616.5,29.50953,0.0,37.03124,33.05322,75.1817
1824,82,2020,9,27,12,939,1265,132.117188,28.640625,99931.75,20.85403,0.0,27.9866,28.6501,75.9831
1825,82,2020,9,27,18,942,1279,132.539062,29.953125,99576.0,22.19234,0.0,32.06244,34.56719,74.90549
1826,82,2020,9,28,0,952,1300,133.945312,31.921875,99279.25,30.70067,0.0,40.20028,38.91437,72.65845
1827,82,2020,9,28,6,970,1324,136.476562,34.171875,99033.25,32.77671,34.41346,51.61395,50.66187,73.61785
1828,82,2020,9,28,12,993,1347,139.710938,36.328125,99832.0,20.07253,63.06387,36.55924,38.68886,77.46512
1829,82,2020,9,28,18,1023,1389,143.929688,40.265625,99700.0,23.11115,0.0,40.48399,42.60648,87.18494
1830,82,2020,9,29,0,1053,1423,148.148438,43.453125,99359.0,20.75339,0.0,43.92554,41.51525,80.88701
1831,83,2020,9,26,6,917,1150,129.023438,17.859375,100465.8,15.73412,0.0,24.77713,25.30316,82.80325
1832,83,2020,9,26,18,921,1151,129.585938,17.953125,100207.8,22.0032,0.0,29.55001,27.15292,81.87889
1833,83,2020,9,27,0,924,1161,130.007812,18.890625,100375.2,26.14054,0.0,31.75394,26.50118,81.81396
1834,83,2020,9,27,6,923,1170,129.867188,19.734375,99870.5,20.5643,0.0,28.48492,27.38299,81.76971
1835,83,2020,9,27,12,921,1179,129.585938,20.578125,99748.75,23.71708,0.0,32.11795,32.56724,81.25995
1836,83,2020,9,27,18,918,1187,129.164062,21.328125,99207.75,29.10568,0.0,39.27467,35.13768,80.46761
1837,83,2020,9,28,0,916,1196,128.882812,22.171875,99443.0,29.26015,0.0,36.64632,34.89717,80.08895
1838,83,2020,9,28,6,913,1203,128.460938,22.828125,99403.5,27.16414,0.0,34.3459,31.85048,80.05659
1839,83,2020,9,28,12,910,1207,128.039062,23.203125,99839.25,23.2715,0.0,28.45748,27.43686,81.64036
1840,83,2020,9,28,18,907,1211,127.617188,23.578125,99893.5,21.37646,0.0,28.47175,26.34032,86.58267
1841,83,2020,9,29,0,901,1210,126.773438,23.484375,100020.0,23.70555,0.0,28.85578,26.05403,86.90923
1842,83,2020,9,29,6,897,1209,126.210937,23.390625,99865.25,24.25032,0.0,30.50948,25.95579,87.55241
1843,83,2020,9,29,12,893,1205,125.648438,23.015625,100291.8,21.16638,0.0,30.6533,27.1673,87.94849
1844,83,2020,9,29,18,887,1207,124.804688,23.203125,100241.0,21.36001,0.0,29.37101,25.37839,88.03592
1845,83,2020,9,30,0,879,1198,123.679688,22.359375,100382.0,19.87854,0.0,30.00339,29.02585,83.45551
1846,83,2020,9,30,6,871,1190,122.554688,21.609375,100162.0,22.31871,0.0,32.14129,27.1227,83.22571
1847,83,2020,9,30,12,870,1184,122.414063,21.046875,100136.0,21.3929,0.0,33.75093,28.22731,81.1818
1848,83,2020,9,30,18,867,1177,121.992188,20.390625,100063.2,19.731,0.0,27.27665,25.57648,83.94875
