,TID,LON,LAT,ISOTIME,MSLP,WS,Full_Name,Short_Label,Tropical_Flag,Transition_Zone,Track_Info
369,17,67.675781,-16.957833,2020-01-21 12:00:00,100036.3,19.11203,Tropical Cyclone,TC,1.0,0.0,Track_TC_MS
370,17,67.851562,-17.426395,2020-01-21 15:00:00,100182.4,20.61923,Tropical Cyclone,TC,1.0,0.0,Track_TC_MS
371,17,67.851562,-17.739438,2020-01-21 18:00:00,99950.12,20.82386,Tropical Cyclone,TC,1.0,0.0,Track_TC_MS
372,17,68.027344,-17.896163,2020-01-21 21:00:00,99722.59,20.10599,Tropical Cyclone,TC,1.0,0.0,Track_TC_MS
373,17,68.203125,-18.053028,2020-01-22 00:00:00,99647.65,19.96288,Tropical Cyclone,TC,1.0,0.0,Track_TC_MS
374,17,68.378906,-18.210032,2020-01-22 03:00:00,99785.47,20.91671,Tropical Cyclone,TC,1.0,0.0,Track_TC_MS
375,17,69.082031,-18.524468,2020-01-22 06:00:00,99828.84,20.21204,Tropical Cyclone,TC,1.0,0.0,Track_TC_MS
376,17,69.433594,-19.471302,2020-01-22 09:00:00,99607.41,21.81284,Tropical Cyclone,TC,1.0,0.0,Track_TC_MS
377,17,69.433594,-19.788132,2020-01-22 12:00:00,99572.63,23.09652,Tropical Cyclone,TC,1.0,0.0,Track_TC_MS
378,17,69.609375,-20.264566,2020-01-22 15:00:00,99626.03,22.48506,Tropical Cyclone,TC,1.0,0.0,Track_TC_MS
379,17,69.960938,-20.902101,2020-01-22 18:00:00,99620.19,22.14857,Tropical Cyclone,TC,1.0,0.0,Track_TC_MS
380,17,70.136719,-21.382032,2020-01-22 21:00:00,99318.73,22.29405,Tropical Cyclone,TC,1.0,0.0,Track_TC_MS
381,17,70.3125,-21.863542,2020-01-23 00:00:00,99485.75,23.39544,Tropical Cyclone,TC,1.0,1.0,Track_TC_MS
382,17,70.664062,-22.508099,2020-01-23 03:00:00,99366.6,24.94753,Tropical Cyclone,TC,1.0,1.0,Track_TC_MS
383,17,70.664062,-23.155675,2020-01-23 06:00:00,99343.21,24.91198,Tropical Cyclone,TC,1.0,1.0,Track_TC_MS
384,17,70.664062,-23.806397,2020-01-23 09:00:00,99207.34,25.29562,Tropical Cyclone,TC,1.0,1.0,Track_TC_MS
385,17,70.839844,-24.296581,2020-01-23 12:00:00,99257.12,24.94925,Tropical Cyclone,TC,1.0,1.0,Track_TC_MS
386,17,71.015625,-24.788666,2020-01-23 15:00:00,99411.73,24.17546,Tropical Cyclone,TC,1.0,1.0,Track_TC_MS
387,17,71.015625,-25.447839,2020-01-23 18:00:00,99322.73,22.02729,Tropical Cyclone,TC,1.0,1.0,Track_TC_MS
554,24,43.066406,-17.896163,2020-01-22 03:00:00,99625.22,17.22185,Tropical Cyclone,TC,1.0,0.0,Track_TC_MS
555,24,44.121094,-17.582849,2020-01-22 06:00:00,99544.75,18.99525,Tropical Cyclone,TC,1.0,0.0,Track_TC_MS
556,24,44.824219,-17.896163,2020-01-22 09:00:00,99403.05,18.23069,Tropical Cyclone,TC,1.0,0.0,Track_TC_MS
557,24,45.175781,-18.210032,2020-01-22 12:00:00,99412.09,18.25555,Tropical Cyclone,TC,1.0,0.0,Track_TC_MS
558,24,46.054688,-18.367178,2020-01-22 15:00:00,99710.59,13.31037,Tropical Cyclone,TC,1.0,0.0,Track_TC_MS
560,24,49.394531,-19.471302,2020-01-22 21:00:00,99865.74,15.91175,Tropical Cyclone,TC,1.0,0.0,Track_TC_MS
561,24,49.394531,-19.471302,2020-01-23 00:00:00,99874.95,17.96888,Tropical Cyclone,TC,1.0,0.0,Track_TC_MS
562,24,49.570313,-19.313119,2020-01-23 03:00:00,100069.3,17.01092,Tropical Cyclone,TC,1.0,0.0,Track_TC_MS
563,24,50.273438,-19.313119,2020-01-23 06:00:00,99929.32,17.79257,Tropical Cyclone,TC,1.0,0.0,Track_TC_MS
564,24,50.625,-19.313119,2020-01-23 09:00:00,99778.46,19.53392,Tropical Cyclone,TC,1.0,0.0,Track_TC_MS
565,24,51.328125,-19.629639,2020-01-23 12:00:00,99777.94,18.33349,Tropical Cyclone,TC,1.0,0.0,Track_TC_MS
566,24,51.855469,-19.788132,2020-01-23 15:00:00,99911.18,17.89788,Tropical Cyclone,TC,1.0,0.0,Track_TC_MS
567,24,52.207031,-19.788132,2020-01-23 18:00:00,100002.6,18.12441,Tropical Cyclone,TC,1.0,0.0,Track_TC_MS
568,24,53.261719,-19.788132,2020-01-23 21:00:00,99845.55,18.26548,Tropical Cyclone,TC,1.0,0.0,Track_TC_MS
569,24,53.613281,-20.105594,2020-01-24 00:00:00,99819.7,18.18598,Tropical Cyclone,TC,1.0,0.0,Track_TC_MS
570,24,54.140625,-19.946783,2020-01-24 03:00:00,100006.9,17.16709,Tropical Cyclone,TC,1.0,0.0,Track_TC_MS
571,24,55.195312,-19.946783,2020-01-24 06:00:00,99980.35,17.72309,Tropical Cyclone,TC,1.0,0.0,Track_TC_MS
572,24,55.722656,-20.105594,2020-01-24 09:00:00,99799.03,18.55115,Tropical Cyclone,TC,1.0,0.0,Track_TC_MS
573,24,56.425781,-20.105594,2020-01-24 12:00:00,99805.43,18.70937,Tropical Cyclone,TC,1.0,0.0,Track_TC_MS
574,24,57.832031,-20.105594,2020-01-24 15:00:00,99881.9,18.79839,Tropical Cyclone,TC,1.0,0.0,Track_TC_MS
575,24,58.183594,-20.423701,2020-01-24 18:00:00,99599.25,18.22119,Tropical Cyclone,TC,1.0,0.0,Track_TC_MS
576,24,58.710938,-20.264566,2020-01-24 21:00:00,99404.25,18.30867,Tropical Cyclone,TC,1.0,0.0,Track_TC_MS
577,24,59.238281,-20.423701,2020-01-25 00:00:00,99151.77,19.26843,Tropical Cyclone,TC,1.0,0.0,Track_TC_MS
578,24,59.941406,-20.423701,2020-01-25 03:00:00,99048.71,20.92381,Tropical Cyclone,TC,1.0,0.0,Track_TC_MS
579,24,60.46875,-20.583,2020-01-25 06:00:00,98988.73,21.80809,Tropical Cyclone,TC,1.0,0.0,Track_TC_MS
580,24,61.347656,-20.742467,2020-01-25 09:00:00,98661.57,22.61004,Tropical Cyclone,TC,1.0,0.0,Track_TC_MS
581,24,62.226563,-21.221882,2020-01-25 12:00:00,98788.63,22.45924,Tropical Cyclone,TC,1.0,0.0,Track_TC_MS
582,24,63.105469,-21.382032,2020-01-25 15:00:00,98853.02,22.49657,Tropical Cyclone,TC,1.0,0.0,Track_TC_MS
583,24,63.632812,-21.863542,2020-01-25 18:00:00,98630.69,22.11606,Tropical Cyclone,TC,1.0,0.0,Track_TC_MS
584,24,64.335938,-22.185451,2020-01-25 21:00:00,98560.52,21.51071,Tropical Cyclone,TC,1.0,0.0,Track_TC_MS
585,24,65.039062,-22.831502,2020-01-26 00:00:00,98272.59,23.81146,Tropical Cyclone,TC,1.0,0.0,Track_TC_MS
586,24,65.566406,-22.993491,2020-01-26 03:00:00,98285.1,24.33327,Tropical Cyclone,TC,1.0,0.0,Track_TC_MS
587,24,66.09375,-23.480635,2020-01-26 06:00:00,98143.27,26.66101,Tropical Cyclone,TC,1.0,0.0,Track_TC_MS
588,24,66.621094,-24.296581,2020-01-26 09:00:00,97769.25,29.17162,Tropical Cyclone,TC,1.0,0.0,Track_TC_MS
589,24,66.796875,-24.460396,2020-01-26 12:00:00,97575.88,32.91927,Tropical Cyclone,TC,1.0,0.0,Track_TC_MS
590,24,66.796875,-24.788666,2020-01-26 15:00:00,97510.29,32.8975,Tropical Cyclone,TC,1.0,0.0,Track_TC_MS
591,24,66.972656,-24.953127,2020-01-26 18:00:00,97403.15,32.39492,Tropical Cyclone,TC,1.0,0.0,Track_TC_MS
592,24,66.796875,-25.117808,2020-01-26 21:00:00,97467.91,28.40212,Tropical Cyclone,TC,1.0,0.0,Track_TC_MS
593,24,66.621094,-25.282711,2020-01-27 00:00:00,97622.72,28.7549,Tropical Cyclone,TC,1.0,0.0,Track_TC_MS
594,24,66.269531,-25.282711,2020-01-27 03:00:00,97818.59,28.38605,Tropical Cyclone,TC,1.0,0.0,Track_TC_MS
595,24,65.742188,-25.447839,2020-01-27 06:00:00,97979.98,28.71411,Tropical Cyclone,TC,1.0,0.0,Track_TC_MS
596,24,65.214844,-25.282711,2020-01-27 09:00:00,97657.98,28.75856,Tropical Cyclone,TC,1.0,0.0,Track_TC_MS
597,24,64.6875,-25.447839,2020-01-27 12:00:00,97789.91,27.10651,Tropical Cyclone,TC,1.0,0.0,Track_TC_MS
598,24,63.984375,-25.447839,2020-01-27 15:00:00,97952.21,26.93275,Tropical Cyclone,TC,1.0,0.0,Track_TC_MS
601,24,62.578125,-24.788666,2020-01-28 00:00:00,98025.91,23.0609,Tropical Cyclone,TC,1.0,0.0,Track_TC_MS
602,24,62.226563,-24.788666,2020-01-28 03:00:00,98201.54,23.23528,Tropical Cyclone,TC,1.0,0.0,Track_TC_MS
603,24,62.050781,-24.624423,2020-01-28 06:00:00,98263.96,22.31738,Tropical Cyclone,TC,1.0,0.0,Track_TC_MS
604,24,61.875,-25.117808,2020-01-28 09:00:00,98125.47,22.5393,Tropical Cyclone,TC,1.0,0.0,Track_TC_MS
605,24,61.875,-25.447839,2020-01-28 12:00:00,98218.53,21.67688,Tropical Cyclone,TC,1.0,0.0,Track_TC_MS
606,24,61.699219,-25.944591,2020-01-28 15:00:00,98580.38,20.58464,Tropical Cyclone,TC,1.0,0.0,Track_TC_MS
607,24,61.523438,-26.11064,2020-01-28 18:00:00,98591.09,21.18858,Tropical Cyclone,TC,1.0,1.0,Track_TC_MS
608,24,61.347656,-26.610213,2020-01-28 21:00:00,98706.41,21.23592,Tropical Cyclone,TC,1.0,1.0,Track_TC_MS
609,24,60.996094,-27.279731,2020-01-29 00:00:00,98735.9,22.02557,Tropical Cyclone,TC,1.0,1.0,Track_TC_MS
610,24,60.820312,-27.784525,2020-01-29 03:00:00,98985.59,21.9813,Tropical Cyclone,TC,1.0,1.0,Track_TC_MS
611,24,60.820312,-28.461258,2020-01-29 06:00:00,99151.59,20.48894,Tropical Cyclone,TC,1.0,1.0,Track_TC_MS
612,24,60.644531,-28.97166,2020-01-29 09:00:00,99163.04,19.70951,Tropical Cyclone,TC,1.0,1.0,Track_TC_MS
613,24,60.996094,-29.313328,2020-01-29 12:00:00,99374.59,19.61075,Tropical Cyclone,TC,1.0,1.0,Track_TC_MS
614,24,61.171875,-30.172575,2020-01-29 15:00:00,99467.38,19.47075,Tropical Cyclone,TC,1.0,1.0,Track_TC_MS
615,24,61.347656,-30.345318,2020-01-29 18:00:00,99643.44,19.052,Tropical Cyclone,TC,1.0,1.0,Track_TC_MS
616,24,61.523438,-30.865394,2020-01-29 21:00:00,99691.54,19.28831,Tropical Cyclone,TC,1.0,1.0,Track_TC_MS
2227,99,156.09375,4.630498,2020-01-28 09:00:00,100280.6,14.5751,Tropical Cyclone,TC,1.0,0.0,Track_TC_MS
2228,99,155.742188,4.929957,2020-01-28 12:00:00,100153.2,15.20131,Tropical Cyclone,TC,1.0,0.0,Track_TC_MS
2229,99,155.039062,5.829177,2020-01-28 15:00:00,99786.41,16.96829,Tropical Cyclone,TC,1.0,0.0,Track_TC_MS
2230,99,154.6875,5.829177,2020-01-28 18:00:00,99536.84,18.44683,Tropical Cyclone,TC,1.0,0.0,Track_TC_MS
2231,99,154.335938,5.829177,2020-01-28 21:00:00,99827.25,18.41706,Tropical Cyclone,TC,1.0,0.0,Track_TC_MS
2232,99,153.808594,6.279314,2020-01-29 00:00:00,99564.6,19.21055,Tropical Cyclone,TC,1.0,0.0,Track_TC_MS
2233,99,153.457031,6.57962,2020-01-29 03:00:00,99153.7,20.83535,Tropical Cyclone,TC,1.0,0.0,Track_TC_MS
2234,99,153.28125,7.030422,2020-01-29 06:00:00,99359.15,21.52592,Tropical Cyclone,TC,1.0,0.0,Track_TC_MS
2235,99,152.578125,7.632177,2020-01-29 09:00:00,99626.95,21.94337,Tropical Cyclone,TC,1.0,0.0,Track_TC_MS
2236,99,151.875,8.234781,2020-01-29 12:00:00,99353.02,22.33529,Tropical Cyclone,TC,1.0,0.0,Track_TC_MS
2237,99,151.171875,8.536423,2020-01-29 15:00:00,98880.16,22.20323,Tropical Cyclone,TC,1.0,0.0,Track_TC_MS
2238,99,150.820313,8.838303,2020-01-29 18:00:00,98687.59,26.36309,Tropical Cyclone,TC,1.0,0.0,Track_TC_MS
2239,99,150.46875,9.140431,2020-01-29 21:00:00,99054.77,25.63581,Tropical Cyclone,TC,1.0,0.0,Track_TC_MS
2240,99,149.941406,9.594107,2020-01-30 00:00:00,99025.73,25.32624,Tropical Cyclone,TC,1.0,0.0,Track_TC_MS
2241,99,149.414062,9.745466,2020-01-30 03:00:00,98657.38,23.20548,Tropical Cyclone,TC,1.0,0.0,Track_TC_MS
2242,99,149.0625,10.048391,2020-01-30 06:00:00,98835.46,23.29408,Tropical Cyclone,TC,1.0,0.0,Track_TC_MS
2243,99,148.886719,10.19996,2020-01-30 09:00:00,98923.21,23.32155,Tropical Cyclone,TC,1.0,0.0,Track_TC_MS
2244,99,148.535156,10.503314,2020-01-30 12:00:00,98858.56,23.72236,Tropical Cyclone,TC,1.0,0.0,Track_TC_MS
2245,99,148.183594,11.110927,2020-01-30 15:00:00,98494.46,25.55405,Tropical Cyclone,TC,1.0,0.0,Track_TC_MS
2246,99,148.183594,11.415204,2020-01-30 18:00:00,98214.62,27.18893,Tropical Cyclone,TC,1.0,0.0,Track_TC_MS
2247,99,147.832031,11.719808,2020-01-30 21:00:00,98170.88,28.6309,Tropical Cyclone,TC,1.0,0.0,Track_TC_MS
2248,99,147.65625,12.177348,2020-01-31 00:00:00,97873.31,29.35536,Tropical Cyclone,TC,1.0,0.0,Track_TC_MS
2249,99,147.480469,12.635677,2020-01-31 03:00:00,97425.74,30.7177,Tropical Cyclone,TC,1.0,0.0,Track_TC_MS
2250,99,147.304688,13.094829,2020-01-31 06:00:00,97473.43,31.04281,Tropical Cyclone,TC,1.0,0.0,Track_TC_MS
2251,99,147.304688,13.401405,2020-01-31 09:00:00,97024.31,33.90204,Tropical Cyclone,TC,1.0,0.0,Track_TC_MS
2252,99,147.304688,13.708373,2020-01-31 12:00:00,96784.06,32.90289,Tropical Cyclone,TC,1.0,0.0,Track_TC_MS
2253,99,147.304688,14.015742,2020-01-31 15:00:00,96332.52,36.19879,Tropical Cyclone,TC,1.0,0.0,Track_TC_MS
2254,99,147.480469,14.477572,2020-01-31 18:00:00,96012.2,36.69916,Tropical Cyclone,TC,1.0,0.0,Track_TC_MS
2255,99,147.65625,14.631727,2020-01-31 21:00:00,95977.88,37.85625,Tropical Cyclone,TC,1.0,0.0,Track_TC_MS
2256,99,147.832031,15.094849,2020-02-01 00:00:00,96056.19,35.20364,Tropical Cyclone,TC,1.0,0.0,Track_TC_MS
2257,99,148.183594,15.404157,2020-02-01 03:00:00,96035.25,34.32463,Tropical Cyclone,TC,1.0,0.0,Track_TC_MS
2258,99,148.535156,15.713926,2020-02-01 06:00:00,96427.55,32.31871,Tropical Cyclone,TC,1.0,0.0,Track_TC_MS
2259,99,148.886719,16.024166,2020-02-01 09:00:00,97158.52,29.7077,Tropical Cyclone,TC,1.0,0.0,Track_TC_MS
2260,99,149.414062,16.179467,2020-02-01 12:00:00,97186.81,31.36702,Tropical Cyclone,TC,1.0,0.0,Track_TC_MS
2261,99,149.941406,16.646109,2020-02-01 15:00:00,97347.75,28.35503,Tropical Cyclone,TC,1.0,0.0,Track_TC_MS
2262,99,150.46875,16.801907,2020-02-01 18:00:00,97777.85,27.88443,Tropical Cyclone,TC,1.0,0.0,Track_TC_MS
2263,99,151.171875,17.113889,2020-02-01 21:00:00,98250.95,25.80304,Tropical Cyclone,TC,1.0,0.0,Track_TC_MS
2264,99,152.050781,17.270076,2020-02-02 00:00:00,98669.31,25.42395,Tropical Cyclone,TC,1.0,0.0,Track_TC_MS
2265,99,153.105469,17.582849,2020-02-02 03:00:00,98993.59,23.99255,Tropical Cyclone,TC,1.0,0.0,Track_TC_MS
4464,210,166.464844,-11.415204,2020-02-03 00:00:00,99943.22,15.52702,Tropical Cyclone,TC,1.0,0.0,Track_TC_MS
4465,210,167.519531,-12.330035,2020-02-03 03:00:00,99789.04,15.25165,Tropical Cyclone,TC,1.0,0.0,Track_TC_MS
4466,210,168.398438,-12.788634,2020-02-03 06:00:00,99860.77,15.77452,Tropical Cyclone,TC,1.0,0.0,Track_TC_MS
4467,210,169.101562,-13.094829,2020-02-03 09:00:00,99977.54,16.78702,Tropical Cyclone,TC,1.0,0.0,Track_TC_MS
4468,210,169.980469,-13.55484,2020-02-03 12:00:00,99707.32,18.10392,Tropical Cyclone,TC,1.0,0.0,Track_TC_MS
4469,210,170.859375,-13.708373,2020-02-03 15:00:00,99626.37,17.92581,Tropical Cyclone,TC,1.0,0.0,Track_TC_MS
4470,210,171.914063,-14.015742,2020-02-03 18:00:00,99656.23,16.94109,Tropical Cyclone,TC,1.0,0.0,Track_TC_MS
4471,210,172.617188,-14.323523,2020-02-03 21:00:00,99765.32,17.48479,Tropical Cyclone,TC,1.0,0.0,Track_TC_MS
4472,210,173.847656,-15.094849,2020-02-04 00:00:00,99433.81,16.41686,Tropical Cyclone,TC,1.0,0.0,Track_TC_MS
4473,210,174.902344,-15.404157,2020-02-04 03:00:00,99398.7,17.79129,Tropical Cyclone,TC,1.0,0.0,Track_TC_MS
4474,210,175.605469,-15.713926,2020-02-04 06:00:00,99505.66,17.47766,Tropical Cyclone,TC,1.0,0.0,Track_TC_MS
4475,210,176.308594,-16.024166,2020-02-04 09:00:00,99492.77,17.86971,Tropical Cyclone,TC,1.0,0.0,Track_TC_MS
4476,210,177.011719,-16.33489,2020-02-04 12:00:00,99494.21,17.11869,Tropical Cyclone,TC,1.0,0.0,Track_TC_MS
4478,210,178.417969,-16.957833,2020-02-04 18:00:00,99824.66,16.03124,Tropical Cyclone,TC,1.0,0.0,Track_TC_MS
4479,210,178.945313,-17.739438,2020-02-04 21:00:00,99813.8,17.73539,Tropical Cyclone,TC,1.0,1.0,Track_TC_MS
4480,210,179.121094,-18.524468,2020-02-05 00:00:00,99282.03,21.11016,Tropical Cyclone,TC,1.0,1.0,Track_TC_MS
5416,252,140.976562,-12.482811,2020-01-28 18:00:00,99755.32,17.74658,Tropical Cyclone,TC,1.0,0.0,Track_TC
5417,252,141.503906,-12.635677,2020-01-28 21:00:00,99635.25,18.67875,Tropical Cyclone,TC,1.0,0.0,Track_TC
5418,252,141.679688,-12.482811,2020-01-29 00:00:00,99499.37,17.74633,Tropical Cyclone,TC,1.0,0.0,Track_TC
5419,252,142.207031,-12.330035,2020-01-29 03:00:00,99558.88,17.62733,Tropical Cyclone,TC,1.0,0.0,Track_TC
5420,252,142.910156,-12.330035,2020-01-29 06:00:00,99540.23,16.78889,Tropical Cyclone,TC,1.0,0.0,Track_TC
5421,252,143.613281,-12.635677,2020-01-29 09:00:00,99647.57,17.77677,Tropical Cyclone,TC,1.0,0.0,Track_TC
5422,252,144.140625,-12.788634,2020-01-29 12:00:00,99666.45,16.67893,Tropical Cyclone,TC,1.0,0.0,Track_TC
5423,252,145.019531,-13.248069,2020-01-29 15:00:00,99334.04,17.57528,Tropical Cyclone,TC,1.0,0.0,Track_TC
5424,252,145.371094,-13.862006,2020-01-29 18:00:00,99169.94,18.25828,Tropical Cyclone,TC,1.0,0.0,Track_TC
5425,252,145.898438,-14.631727,2020-01-29 21:00:00,99148.56,21.1902,Tropical Cyclone,TC,1.0,0.0,Track_TC
5426,252,146.074219,-15.404157,2020-01-30 00:00:00,99024.15,21.43818,Tropical Cyclone,TC,1.0,0.0,Track_TC
5427,252,146.074219,-16.33489,2020-01-30 03:00:00,98756.54,22.2469,Tropical Cyclone,TC,1.0,0.0,Track_TC
5428,252,145.898438,-16.801907,2020-01-30 06:00:00,98639.15,23.37354,Tropical Cyclone,TC,1.0,0.0,Track_TC
5429,252,145.546875,-17.426395,2020-01-30 09:00:00,99164.7,24.36708,Tropical Cyclone,TC,1.0,0.0,Track_TC
5430,252,145.019531,-17.896163,2020-01-30 12:00:00,99174.91,19.51125,Tropical Cyclone,TC,1.0,0.0,Track_TC
5431,252,144.492188,-18.681902,2020-01-30 15:00:00,99291.71,18.15536,Tropical Cyclone,TC,1.0,0.0,Track_TC
5432,252,143.4375,-19.313119,2020-01-30 18:00:00,99373.6,16.3485,Tropical Cyclone,TC,1.0,0.0,Track_TC
5433,252,142.910156,-19.788132,2020-01-30 21:00:00,99502.27,14.4499,Tropical Cyclone,TC,1.0,0.0,Track_TC
5434,252,142.207031,-20.105594,2020-01-31 00:00:00,99609.84,13.77957,Tropical Cyclone,TC,1.0,0.0,Track_TC
6146,287,122.34375,-15.558983,2020-01-29 00:00:00,100112.3,19.49775,Tropical Cyclone,TC,1.0,0.0,Track_TC
6147,287,122.167969,-15.404157,2020-01-29 03:00:00,99873.49,18.14589,Tropical Cyclone,TC,1.0,0.0,Track_TC
6148,287,122.34375,-15.249446,2020-01-29 06:00:00,99647.54,19.41358,Tropical Cyclone,TC,1.0,0.0,Track_TC
6149,287,121.992188,-15.558983,2020-01-29 09:00:00,99694.7,19.73847,Tropical Cyclone,TC,1.0,0.0,Track_TC
6150,287,121.816406,-15.404157,2020-01-29 12:00:00,99729.44,17.9985,Tropical Cyclone,TC,1.0,0.0,Track_TC
6151,287,121.816406,-15.404157,2020-01-29 15:00:00,99471.06,19.3076,Tropical Cyclone,TC,1.0,0.0,Track_TC
6152,287,121.816406,-15.094849,2020-01-29 18:00:00,99133.79,23.33698,Tropical Cyclone,TC,1.0,0.0,Track_TC
6153,287,121.816406,-15.094849,2020-01-29 21:00:00,99063.85,19.79637,Tropical Cyclone,TC,1.0,0.0,Track_TC
6154,287,121.816406,-15.094849,2020-01-30 00:00:00,99082.05,19.50041,Tropical Cyclone,TC,1.0,0.0,Track_TC
6155,287,121.816406,-15.094849,2020-01-30 03:00:00,98866.15,18.67297,Tropical Cyclone,TC,1.0,0.0,Track_TC
6156,287,121.816406,-15.094849,2020-01-30 06:00:00,98537.09,19.51993,Tropical Cyclone,TC,1.0,0.0,Track_TC
6157,287,121.640625,-15.249446,2020-01-30 09:00:00,98385.56,22.54523,Tropical Cyclone,TC,1.0,0.0,Track_TC
6158,287,121.640625,-15.249446,2020-01-30 12:00:00,97851.38,26.92879,Tropical Cyclone,TC,1.0,0.0,Track_TC
6159,287,121.464844,-15.404157,2020-01-30 15:00:00,97246.35,33.80074,Tropical Cyclone,TC,1.0,0.0,Track_TC
6160,287,121.289062,-15.249446,2020-01-30 18:00:00,96370.05,37.15645,Tropical Cyclone,TC,1.0,0.0,Track_TC
6161,287,121.113281,-15.404157,2020-01-30 21:00:00,96125.06,34.21689,Tropical Cyclone,TC,1.0,0.0,Track_TC
6162,287,120.761719,-15.404157,2020-01-31 00:00:00,96122.9,35.67973,Tropical Cyclone,TC,1.0,0.0,Track_TC
6163,287,120.410156,-15.404157,2020-01-31 03:00:00,95680.79,34.84524,Tropical Cyclone,TC,1.0,0.0,Track_TC
6164,287,120.058594,-15.404157,2020-01-31 06:00:00,94454.72,40.28148,Tropical Cyclone,TC,1.0,0.0,Track_TC
6165,287,119.882813,-15.558983,2020-01-31 09:00:00,94977.25,39.73942,Tropical Cyclone,TC,1.0,0.0,Track_TC
6166,287,119.53125,-15.558983,2020-01-31 12:00:00,95402.96,40.06272,Tropical Cyclone,TC,1.0,0.0,Track_TC
6167,287,118.828125,-15.558983,2020-01-31 15:00:00,94901.4,43.45628,Tropical Cyclone,TC,1.0,0.0,Track_TC
6168,287,118.652344,-15.713926,2020-01-31 18:00:00,95136.1,42.13265,Tropical Cyclone,TC,1.0,0.0,Track_TC
6169,287,117.949219,-15.713926,2020-01-31 21:00:00,95609.41,40.82,Tropical Cyclone,TC,1.0,0.0,Track_TC
6170,287,117.421875,-15.868986,2020-02-01 00:00:00,95872.01,35.43671,Tropical Cyclone,TC,1.0,0.0,Track_TC
6171,287,116.894531,-16.024166,2020-02-01 03:00:00,96449.05,35.17067,Tropical Cyclone,TC,1.0,0.0,Track_TC
6172,287,116.367188,-15.868986,2020-02-01 06:00:00,95939.78,38.28968,Tropical Cyclone,TC,1.0,0.0,Track_TC
6173,287,115.839844,-15.713926,2020-02-01 09:00:00,96157.85,38.24408,Tropical Cyclone,TC,1.0,0.0,Track_TC
6174,287,115.488281,-15.713926,2020-02-01 12:00:00,96645.96,34.07196,Tropical Cyclone,TC,1.0,0.0,Track_TC
6175,287,115.3125,-15.558983,2020-02-01 15:00:00,96884.38,36.10651,Tropical Cyclone,TC,1.0,0.0,Track_TC
6176,287,114.960938,-15.558983,2020-02-01 18:00:00,96991.12,36.91025,Tropical Cyclone,TC,1.0,0.0,Track_TC
6177,287,114.785156,-15.404157,2020-02-01 21:00:00,97180.06,34.63947,Tropical Cyclone,TC,1.0,0.0,Track_TC
6178,287,114.609375,-15.558983,2020-02-02 00:00:00,98182.57,30.62644,Tropical Cyclone,TC,1.0,0.0,Track_TC
6179,287,114.609375,-15.868986,2020-02-02 03:00:00,98540.53,25.24559,Tropical Cyclone,TC,1.0,0.0,Track_TC
6180,287,114.785156,-16.024166,2020-02-02 06:00:00,98903.37,20.62486,Tropical Cyclone,TC,1.0,0.0,Track_TC
6185,287,114.082031,-16.646109,2020-02-02 21:00:00,99696.34,15.22149,Tropical Cyclone,TC,1.0,0.0,Track_TC
7409,352,42.539062,-14.323523,2020-02-02 21:00:00,100629.2,9.610111,Tropical Cyclone,TC,1.0,0.0,Track_TC_MS
7411,352,42.363281,-13.862006,2020-02-03 03:00:00,100584.2,12.59322,Tropical Cyclone,TC,1.0,0.0,Track_TC_MS
7412,352,42.363281,-13.862006,2020-02-03 06:00:00,100587.8,12.20256,Tropical Cyclone,TC,1.0,0.0,Track_TC_MS
7413,352,42.714844,-13.862006,2020-02-03 09:00:00,100357.6,13.78891,Tropical Cyclone,TC,1.0,0.0,Track_TC_MS
7414,352,43.066406,-13.862006,2020-02-03 12:00:00,100180.4,16.40238,Tropical Cyclone,TC,1.0,0.0,Track_TC_MS
7415,352,43.417969,-13.55484,2020-02-03 15:00:00,100117.1,18.33272,Tropical Cyclone,TC,1.0,0.0,Track_TC_MS
7416,352,43.59375,-13.401405,2020-02-03 18:00:00,100003.8,17.38807,Tropical Cyclone,TC,1.0,0.0,Track_TC_MS
7417,352,43.945312,-13.401405,2020-02-03 21:00:00,99750.0,18.58916,Tropical Cyclone,TC,1.0,0.0,Track_TC_MS
7418,352,43.769531,-13.248069,2020-02-04 00:00:00,99487.59,20.07814,Tropical Cyclone,TC,1.0,0.0,Track_TC_MS
7419,352,43.945312,-13.094829,2020-02-04 03:00:00,99655.82,19.64313,Tropical Cyclone,TC,1.0,0.0,Track_TC_MS
7420,352,43.945312,-13.094829,2020-02-04 06:00:00,99516.27,22.03933,Tropical Cyclone,TC,1.0,0.0,Track_TC_MS
7421,352,44.121094,-12.941685,2020-02-04 09:00:00,99219.15,23.16403,Tropical Cyclone,TC,1.0,0.0,Track_TC_MS
7422,352,44.472656,-12.941685,2020-02-04 12:00:00,99171.22,23.02625,Tropical Cyclone,TC,1.0,0.0,Track_TC_MS
7423,352,44.472656,-12.941685,2020-02-04 15:00:00,99213.21,20.53004,Tropical Cyclone,TC,1.0,0.0,Track_TC_MS
7424,352,44.472656,-12.941685,2020-02-04 18:00:00,99347.94,19.69858,Tropical Cyclone,TC,1.0,0.0,Track_TC_MS
7425,352,44.296875,-12.788634,2020-02-04 21:00:00,99107.4,23.37357,Tropical Cyclone,TC,1.0,0.0,Track_TC_MS
7426,352,44.472656,-12.941685,2020-02-05 00:00:00,98937.5,24.48792,Tropical Cyclone,TC,1.0,0.0,Track_TC_MS
7427,352,44.648438,-13.094829,2020-02-05 03:00:00,98882.99,25.10473,Tropical Cyclone,TC,1.0,0.0,Track_TC_MS
7428,352,44.648438,-13.401405,2020-02-05 06:00:00,98917.75,23.8679,Tropical Cyclone,TC,1.0,0.0,Track_TC_MS
7429,352,44.472656,-13.55484,2020-02-05 09:00:00,98672.49,25.66203,Tropical Cyclone,TC,1.0,0.0,Track_TC_MS
7430,352,44.296875,-13.708373,2020-02-05 12:00:00,98212.16,26.98401,Tropical Cyclone,TC,1.0,0.0,Track_TC_MS
7431,352,44.296875,-13.708373,2020-02-05 15:00:00,98119.88,28.13177,Tropical Cyclone,TC,1.0,0.0,Track_TC_MS
7432,352,44.472656,-13.55484,2020-02-05 18:00:00,98086.16,32.67521,Tropical Cyclone,TC,1.0,0.0,Track_TC_MS
7433,352,44.648438,-13.708373,2020-02-05 21:00:00,97701.79,32.57721,Tropical Cyclone,TC,1.0,0.0,Track_TC_MS
7434,352,44.824219,-14.16958,2020-02-06 00:00:00,97387.62,34.51651,Tropical Cyclone,TC,1.0,0.0,Track_TC_MS
7435,352,45.0,-14.323523,2020-02-06 03:00:00,97211.06,35.72899,Tropical Cyclone,TC,1.0,0.0,Track_TC_MS
7436,352,45.0,-14.631727,2020-02-06 06:00:00,96905.02,38.09311,Tropical Cyclone,TC,1.0,0.0,Track_TC_MS
7437,352,45.351562,-14.631727,2020-02-06 09:00:00,96375.59,39.15279,Tropical Cyclone,TC,1.0,0.0,Track_TC_MS
7438,352,45.703125,-14.940364,2020-02-06 12:00:00,96135.29,40.04272,Tropical Cyclone,TC,1.0,0.0,Track_TC_MS
7439,352,46.054688,-14.940364,2020-02-06 15:00:00,95683.02,41.6083,Tropical Cyclone,TC,1.0,0.0,Track_TC_MS
7440,352,46.230469,-15.094849,2020-02-06 18:00:00,96213.46,42.59312,Tropical Cyclone,TC,1.0,0.0,Track_TC_MS
7441,352,46.582031,-15.094849,2020-02-06 21:00:00,96739.23,36.60439,Tropical Cyclone,TC,1.0,0.0,Track_TC_MS
7442,352,47.285156,-15.094849,2020-02-07 00:00:00,97623.59,29.71964,Tropical Cyclone,TC,1.0,0.0,Track_TC_MS
7443,352,47.636719,-15.094849,2020-02-07 03:00:00,98688.88,24.61375,Tropical Cyclone,TC,1.0,0.0,Track_TC_MS
7444,352,47.8125,-14.940364,2020-02-07 06:00:00,99558.04,19.94722,Tropical Cyclone,TC,1.0,0.0,Track_TC_MS
7445,352,47.988281,-14.477572,2020-02-07 09:00:00,100148.6,17.0113,Tropical Cyclone,TC,1.0,0.0,Track_TC_MS
7446,352,50.800781,-15.094849,2020-02-07 12:00:00,99849.65,17.93821,Tropical Cyclone,TC,1.0,0.0,Track_TC_MS
7447,352,51.503906,-14.785991,2020-02-07 15:00:00,99751.95,25.62794,Tropical Cyclone,TC,1.0,0.0,Track_TC_MS
7448,352,52.382813,-14.631727,2020-02-07 18:00:00,99782.87,24.65821,Tropical Cyclone,TC,1.0,0.0,Track_TC_MS
7449,352,53.085938,-14.631727,2020-02-07 21:00:00,99581.81,23.21515,Tropical Cyclone,TC,1.0,0.0,Track_TC_MS
7450,352,53.964844,-14.477572,2020-02-08 00:00:00,99744.82,20.28066,Tropical Cyclone,TC,1.0,0.0,Track_TC_MS
7472,352,68.203125,-17.426395,2020-02-10 18:00:00,100690.6,12.82031,Tropical Cyclone,TC,1.0,0.0,Track_TC_MS
7473,352,68.554688,-17.426395,2020-02-10 21:00:00,100457.7,13.39869,Tropical Cyclone,TC,1.0,0.0,Track_TC_MS
7474,352,68.730469,-17.270076,2020-02-11 00:00:00,100425.1,15.20614,Tropical Cyclone,TC,1.0,0.0,Track_TC_MS
7475,352,68.90625,-17.113889,2020-02-11 03:00:00,100420.4,15.78993,Tropical Cyclone,TC,1.0,0.0,Track_TC_MS
7476,352,68.90625,-17.113889,2020-02-11 06:00:00,100256.6,14.79392,Tropical Cyclone,TC,1.0,0.0,Track_TC_MS
7477,352,69.082031,-16.957833,2020-02-11 09:00:00,100039.6,17.39135,Tropical Cyclone,TC,1.0,0.0,Track_TC_MS
7478,352,69.082031,-16.957833,2020-02-11 12:00:00,99934.66,19.02218,Tropical Cyclone,TC,1.0,0.0,Track_TC_MS
7479,352,69.257812,-16.801907,2020-02-11 15:00:00,100021.3,16.87649,Tropical Cyclone,TC,1.0,0.0,Track_TC_MS
7480,352,69.257812,-16.801907,2020-02-11 18:00:00,100034.8,17.6917,Tropical Cyclone,TC,1.0,0.0,Track_TC_MS
7481,352,69.257812,-16.801907,2020-02-11 21:00:00,99782.8,19.63184,Tropical Cyclone,TC,1.0,0.0,Track_TC_MS
7482,352,69.082031,-16.957833,2020-02-12 00:00:00,99787.82,18.09296,Tropical Cyclone,TC,1.0,0.0,Track_TC_MS
7484,352,68.90625,-17.113889,2020-02-12 06:00:00,99799.23,21.48001,Tropical Cyclone,TC,1.0,0.0,Track_TC_MS
7485,352,68.730469,-16.957833,2020-02-12 09:00:00,99733.09,21.77134,Tropical Cyclone,TC,1.0,0.0,Track_TC_MS
7486,352,68.554688,-17.113889,2020-02-12 12:00:00,99819.74,19.25124,Tropical Cyclone,TC,1.0,0.0,Track_TC_MS
7487,352,68.554688,-17.113889,2020-02-12 15:00:00,100017.2,20.02952,Tropical Cyclone,TC,1.0,0.0,Track_TC_MS
7488,352,68.378906,-17.270076,2020-02-12 18:00:00,99935.69,18.85454,Tropical Cyclone,TC,1.0,0.0,Track_TC_MS
7489,352,68.203125,-17.426395,2020-02-12 21:00:00,99941.52,17.73833,Tropical Cyclone,TC,1.0,0.0,Track_TC_MS
7490,352,67.851562,-17.739438,2020-02-13 00:00:00,100077.8,15.99563,Tropical Cyclone,TC,1.0,0.0,Track_TC_MS
7492,352,66.445312,-17.739438,2020-02-13 06:00:00,100277.7,15.2452,Tropical Cyclone,TC,1.0,0.0,Track_TC_MS
7493,352,65.917969,-17.896163,2020-02-13 09:00:00,100146.9,14.66785,Tropical Cyclone,TC,1.0,0.0,Track_TC_MS
7494,352,65.214844,-17.582849,2020-02-13 12:00:00,100124.3,15.44411,Tropical Cyclone,TC,1.0,0.0,Track_TC_MS
7495,352,64.6875,-17.426395,2020-02-13 15:00:00,100235.4,15.6721,Tropical Cyclone,TC,1.0,0.0,Track_TC_MS
7496,352,63.808594,-17.270076,2020-02-13 18:00:00,100153.2,16.07563,Tropical Cyclone,TC,1.0,0.0,Track_TC_MS
7497,352,63.457031,-17.270076,2020-02-13 21:00:00,99974.98,17.39264,Tropical Cyclone,TC,1.0,0.0,Track_TC_MS
7498,352,62.753906,-16.646109,2020-02-14 00:00:00,99737.43,19.06991,Tropical Cyclone,TC,1.0,0.0,Track_TC_MS
7499,352,62.578125,-16.490437,2020-02-14 03:00:00,99892.77,18.15127,Tropical Cyclone,TC,1.0,0.0,Track_TC_MS
7500,352,61.875,-16.490437,2020-02-14 06:00:00,99832.56,16.58279,Tropical Cyclone,TC,1.0,0.0,Track_TC_MS
7501,352,61.523438,-16.490437,2020-02-14 09:00:00,99648.47,18.56336,Tropical Cyclone,TC,1.0,0.0,Track_TC_MS
7502,352,60.996094,-16.33489,2020-02-14 12:00:00,99709.94,17.98615,Tropical Cyclone,TC,1.0,0.0,Track_TC_MS
7503,352,60.644531,-16.33489,2020-02-14 15:00:00,99571.12,20.38101,Tropical Cyclone,TC,1.0,0.0,Track_TC_MS
7504,352,59.941406,-16.024166,2020-02-14 18:00:00,99137.72,22.00947,Tropical Cyclone,TC,1.0,0.0,Track_TC_MS
7505,352,59.414062,-15.868986,2020-02-14 21:00:00,99030.12,21.33174,Tropical Cyclone,TC,1.0,0.0,Track_TC_MS
7506,352,59.0625,-15.868986,2020-02-15 00:00:00,98873.54,22.86825,Tropical Cyclone,TC,1.0,0.0,Track_TC_MS
7507,352,58.535156,-15.713926,2020-02-15 03:00:00,98809.7,23.89888,Tropical Cyclone,TC,1.0,0.0,Track_TC_MS
7508,352,58.007813,-15.558983,2020-02-15 06:00:00,98730.65,24.47225,Tropical Cyclone,TC,1.0,0.0,Track_TC_MS
7509,352,57.65625,-15.249446,2020-02-15 09:00:00,98052.54,28.46339,Tropical Cyclone,TC,1.0,0.0,Track_TC_MS
7510,352,57.480469,-15.094849,2020-02-15 12:00:00,97893.77,27.25226,Tropical Cyclone,TC,1.0,0.0,Track_TC_MS
7511,352,57.128906,-15.094849,2020-02-15 15:00:00,97880.1,29.09367,Tropical Cyclone,TC,1.0,0.0,Track_TC_MS
7512,352,56.777344,-14.785991,2020-02-15 18:00:00,97428.04,32.34151,Tropical Cyclone,TC,1.0,0.0,Track_TC_MS
7513,352,56.25,-14.631727,2020-02-15 21:00:00,96677.98,32.59108,Tropical Cyclone,TC,1.0,0.0,Track_TC_MS
7514,352,55.898438,-14.323523,2020-02-16 00:00:00,96283.76,34.54924,Tropical Cyclone,TC,1.0,0.0,Track_TC_MS
7515,352,55.722656,-14.16958,2020-02-16 03:00:00,96130.19,36.92838,Tropical Cyclone,TC,1.0,0.0,Track_TC_MS
7516,352,55.371094,-13.862006,2020-02-16 06:00:00,95659.16,39.96996,Tropical Cyclone,TC,1.0,0.0,Track_TC_MS
7517,352,55.195312,-13.708373,2020-02-16 09:00:00,95170.88,43.05865,Tropical Cyclone,TC,1.0,0.0,Track_TC_MS
7518,352,55.019531,-13.55484,2020-02-16 12:00:00,94773.91,44.22802,Tropical Cyclone,TC,1.0,0.0,Track_TC_MS
7519,352,54.84375,-13.401405,2020-02-16 15:00:00,94358.6,44.74525,Tropical Cyclone,TC,1.0,0.0,Track_TC_MS
7520,352,54.667969,-12.941685,2020-02-16 18:00:00,94504.2,46.57906,Tropical Cyclone,TC,1.0,0.0,Track_TC_MS
7521,352,54.84375,-12.788634,2020-02-16 21:00:00,94027.43,47.3067,Tropical Cyclone,TC,1.0,0.0,Track_TC_MS
7522,352,54.84375,-12.482811,2020-02-17 00:00:00,93711.19,47.91801,Tropical Cyclone,TC,1.0,0.0,Track_TC_MS
7523,352,54.84375,-12.482811,2020-02-17 03:00:00,93778.35,47.00081,Tropical Cyclone,TC,1.0,0.0,Track_TC_MS
7524,352,55.195312,-12.482811,2020-02-17 06:00:00,93043.74,49.08241,Tropical Cyclone,TC,1.0,0.0,Track_TC_MS
7525,352,55.546875,-12.482811,2020-02-17 09:00:00,93146.71,48.28616,Tropical Cyclone,TC,1.0,0.0,Track_TC_MS
7526,352,55.546875,-12.482811,2020-02-17 12:00:00,93054.93,48.41713,Tropical Cyclone,TC,1.0,0.0,Track_TC_MS
7527,352,55.898438,-12.482811,2020-02-17 15:00:00,92120.21,51.37152,Tropical Cyclone,TC,1.0,0.0,Track_TC_MS
7528,352,56.25,-12.482811,2020-02-17 18:00:00,92725.59,48.2817,Tropical Cyclone,TC,1.0,0.0,Track_TC_MS
7529,352,56.777344,-12.330035,2020-02-17 21:00:00,92541.02,45.83499,Tropical Cyclone,TC,1.0,0.0,Track_TC_MS
7530,352,57.304688,-12.482811,2020-02-18 00:00:00,92380.34,45.01039,Tropical Cyclone,TC,1.0,0.0,Track_TC_MS
7531,352,57.65625,-12.788634,2020-02-18 03:00:00,91954.34,46.29932,Tropical Cyclone,TC,1.0,0.0,Track_TC_MS
7532,352,58.183594,-12.941685,2020-02-18 06:00:00,92091.52,45.19442,Tropical Cyclone,TC,1.0,0.0,Track_TC_MS
7533,352,58.535156,-13.248069,2020-02-18 09:00:00,91681.34,46.36641,Tropical Cyclone,TC,1.0,0.0,Track_TC_MS
7534,352,59.0625,-13.401405,2020-02-18 12:00:00,91642.4,46.51444,Tropical Cyclone,TC,1.0,0.0,Track_TC_MS
7535,352,59.414062,-13.708373,2020-02-18 15:00:00,92061.94,48.19321,Tropical Cyclone,TC,1.0,0.0,Track_TC_MS
7536,352,60.117188,-14.015742,2020-02-18 18:00:00,92167.55,48.69788,Tropical Cyclone,TC,1.0,0.0,Track_TC_MS
7537,352,60.644531,-14.477572,2020-02-18 21:00:00,92212.23,53.70088,Tropical Cyclone,TC,1.0,0.0,Track_TC_MS
7538,352,60.996094,-14.785991,2020-02-19 00:00:00,92195.93,51.55143,Tropical Cyclone,TC,1.0,0.0,Track_TC_MS
7539,352,61.347656,-15.094849,2020-02-19 03:00:00,92516.05,53.53534,Tropical Cyclone,TC,1.0,0.0,Track_TC_MS
7540,352,61.699219,-15.404157,2020-02-19 06:00:00,92891.43,51.14914,Tropical Cyclone,TC,1.0,0.0,Track_TC_MS
7541,352,62.050781,-15.713926,2020-02-19 09:00:00,92850.22,49.21087,Tropical Cyclone,TC,1.0,0.0,Track_TC_MS
7542,352,62.578125,-16.179467,2020-02-19 12:00:00,92818.12,51.19727,Tropical Cyclone,TC,1.0,0.0,Track_TC_MS
7543,352,63.105469,-16.646109,2020-02-19 15:00:00,93138.84,50.60423,Tropical Cyclone,TC,1.0,0.0,Track_TC_MS
7544,352,63.457031,-16.957833,2020-02-19 18:00:00,93374.96,46.00299,Tropical Cyclone,TC,1.0,0.0,Track_TC_MS
7545,352,63.808594,-17.582849,2020-02-19 21:00:00,93557.29,44.48486,Tropical Cyclone,TC,1.0,0.0,Track_TC_MS
7546,352,64.335938,-18.053028,2020-02-20 00:00:00,93763.62,42.11425,Tropical Cyclone,TC,1.0,0.0,Track_TC_MS
7547,352,64.6875,-18.681902,2020-02-20 03:00:00,94133.71,40.10341,Tropical Cyclone,TC,1.0,0.0,Track_TC_MS
7548,352,64.863281,-19.471302,2020-02-20 06:00:00,93834.62,43.10977,Tropical Cyclone,TC,1.0,0.0,Track_TC_MS
7549,352,65.214844,-20.105594,2020-02-20 09:00:00,93656.95,45.42728,Tropical Cyclone,TC,1.0,0.0,Track_TC_MS
7550,352,65.566406,-20.742467,2020-02-20 12:00:00,93907.63,44.84988,Tropical Cyclone,TC,1.0,0.0,Track_TC_MS
7551,352,65.742188,-21.221882,2020-02-20 15:00:00,94153.12,44.18401,Tropical Cyclone,TC,1.0,0.0,Track_TC_MS
7552,352,65.917969,-21.702861,2020-02-20 18:00:00,94851.71,36.90841,Tropical Cyclone,TC,1.0,0.0,Track_TC_MS
7553,352,66.09375,-22.508099,2020-02-20 21:00:00,94781.25,42.2038,Tropical Cyclone,TC,1.0,0.0,Track_TC_MS
7554,352,66.269531,-22.669705,2020-02-21 00:00:00,95188.9,39.97261,Tropical Cyclone,TC,1.0,0.0,Track_TC_MS
7555,352,66.796875,-23.155675,2020-02-21 03:00:00,95997.98,34.01645,Tropical Cyclone,TC,1.0,0.0,Track_TC_MS
7556,352,67.148438,-23.806397,2020-02-21 06:00:00,96406.22,28.80166,Tropical Cyclone,TC,1.0,0.0,Track_TC_MS
7557,352,67.5,-24.460396,2020-02-21 09:00:00,96671.98,28.88604,Tropical Cyclone,TC,1.0,0.0,Track_TC_MS
7558,352,67.675781,-25.282711,2020-02-21 12:00:00,96784.95,29.53109,Tropical Cyclone,TC,1.0,0.0,Track_TC_MS
7559,352,67.851562,-25.447839,2020-02-21 15:00:00,97156.71,28.6553,Tropical Cyclone,TC,1.0,0.0,Track_TC_MS
7560,352,68.378906,-25.944591,2020-02-21 18:00:00,97470.69,28.42974,Tropical Cyclone,TC,1.0,1.0,Track_TC_MS
7561,352,68.90625,-26.777221,2020-02-21 21:00:00,97479.87,27.29632,Tropical Cyclone,TC,1.0,1.0,Track_TC_MS
7562,352,69.257812,-27.447738,2020-02-22 00:00:00,97592.71,28.0296,Tropical Cyclone,TC,1.0,1.0,Track_TC_MS
7563,352,69.433594,-27.953309,2020-02-22 03:00:00,97734.75,27.09216,Tropical Cyclone,TC,1.0,1.0,Track_TC_MS
7683,356,80.332031,-12.330035,2020-02-04 18:00:00,100521.2,12.56252,Tropical Cyclone,TC,1.0,0.0,Track_TC_MS
7684,356,80.859375,-12.177348,2020-02-04 21:00:00,100370.8,13.97214,Tropical Cyclone,TC,1.0,0.0,Track_TC_MS
7686,356,82.089844,-12.024748,2020-02-05 03:00:00,100546.0,13.89894,Tropical Cyclone,TC,1.0,0.0,Track_TC_MS
7687,356,82.792969,-12.024748,2020-02-05 06:00:00,100406.6,14.11399,Tropical Cyclone,TC,1.0,0.0,Track_TC_MS
7688,356,83.320312,-12.177348,2020-02-05 09:00:00,100277.8,13.02738,Tropical Cyclone,TC,1.0,0.0,Track_TC_MS
7689,356,84.023438,-12.177348,2020-02-05 12:00:00,100330.5,13.30087,Tropical Cyclone,TC,1.0,0.0,Track_TC_MS
7690,356,84.199219,-12.330035,2020-02-05 15:00:00,100372.9,14.29858,Tropical Cyclone,TC,1.0,0.0,Track_TC_MS
7691,356,84.375,-12.177348,2020-02-05 18:00:00,99919.18,15.53464,Tropical Cyclone,TC,1.0,0.0,Track_TC_MS
7692,356,84.375,-12.177348,2020-02-05 21:00:00,99748.91,16.86523,Tropical Cyclone,TC,1.0,0.0,Track_TC_MS
7693,356,84.550781,-12.024748,2020-02-06 00:00:00,99833.16,20.23823,Tropical Cyclone,TC,1.0,0.0,Track_TC_MS
7694,356,84.726563,-11.872236,2020-02-06 03:00:00,99775.23,21.06438,Tropical Cyclone,TC,1.0,0.0,Track_TC_MS
7695,356,84.726563,-11.567465,2020-02-06 06:00:00,99440.41,23.74347,Tropical Cyclone,TC,1.0,0.0,Track_TC_MS
7696,356,85.078125,-11.263025,2020-02-06 09:00:00,99294.0,23.89355,Tropical Cyclone,TC,1.0,0.0,Track_TC_MS
7697,356,85.253906,-11.110927,2020-02-06 12:00:00,99479.3,22.2931,Tropical Cyclone,TC,1.0,0.0,Track_TC_MS
7698,356,85.605469,-10.806967,2020-02-06 15:00:00,99758.71,21.45685,Tropical Cyclone,TC,1.0,0.0,Track_TC_MS
7699,356,85.78125,-10.655103,2020-02-06 18:00:00,99451.84,22.32915,Tropical Cyclone,TC,1.0,0.0,Track_TC_MS
7700,356,86.132812,-10.655103,2020-02-06 21:00:00,99380.75,22.31668,Tropical Cyclone,TC,1.0,0.0,Track_TC_MS
7701,356,86.308594,-10.503314,2020-02-07 00:00:00,99496.45,25.40839,Tropical Cyclone,TC,1.0,0.0,Track_TC_MS
7702,356,86.660156,-10.503314,2020-02-07 03:00:00,99477.88,23.83781,Tropical Cyclone,TC,1.0,0.0,Track_TC_MS
7703,356,87.011719,-10.503314,2020-02-07 06:00:00,99333.16,24.59999,Tropical Cyclone,TC,1.0,0.0,Track_TC_MS
7704,356,87.363281,-10.503314,2020-02-07 09:00:00,99350.34,25.38313,Tropical Cyclone,TC,1.0,0.0,Track_TC_MS
7705,356,87.714844,-10.806967,2020-02-07 12:00:00,99614.55,25.45924,Tropical Cyclone,TC,1.0,0.0,Track_TC_MS
7706,356,88.066406,-10.806967,2020-02-07 15:00:00,99786.68,26.54484,Tropical Cyclone,TC,1.0,0.0,Track_TC_MS
7707,356,88.59375,-10.655103,2020-02-07 18:00:00,99784.75,21.8337,Tropical Cyclone,TC,1.0,0.0,Track_TC_MS
7708,356,88.945312,-10.655103,2020-02-07 21:00:00,99810.03,20.43969,Tropical Cyclone,TC,1.0,0.0,Track_TC_MS
7709,356,89.648438,-10.655103,2020-02-08 00:00:00,99980.12,21.18423,Tropical Cyclone,TC,1.0,0.0,Track_TC_MS
7710,356,90.0,-10.958908,2020-02-08 03:00:00,100033.8,19.01843,Tropical Cyclone,TC,1.0,0.0,Track_TC_MS
7722,356,98.261719,-13.862006,2020-02-09 15:00:00,100407.3,16.48731,Tropical Cyclone,TC,1.0,0.0,Track_TC_MS
7725,356,101.425781,-15.094849,2020-02-10 00:00:00,100377.3,16.22894,Tropical Cyclone,TC,1.0,0.0,Track_TC_MS
7878,361,100.371094,-7.782746,2020-02-03 18:00:00,100444.9,13.99951,Tropical Cyclone,TC,1.0,0.0,Track_TC_MS
7879,361,100.898438,-7.331198,2020-02-03 21:00:00,100379.8,14.70203,Tropical Cyclone,TC,1.0,0.0,Track_TC_MS
7880,361,101.601562,-7.030422,2020-02-04 00:00:00,100551.9,15.92472,Tropical Cyclone,TC,1.0,0.0,Track_TC_MS
7881,361,102.65625,-7.331198,2020-02-04 03:00:00,100439.7,19.59216,Tropical Cyclone,TC,1.0,0.0,Track_TC_MS
7882,361,103.359375,-7.632177,2020-02-04 06:00:00,100169.8,19.50138,Tropical Cyclone,TC,1.0,0.0,Track_TC_MS
7883,361,103.886719,-8.084047,2020-02-04 09:00:00,100166.5,18.81701,Tropical Cyclone,TC,1.0,0.0,Track_TC_MS
7884,361,104.238281,-8.385573,2020-02-04 12:00:00,100132.7,19.35521,Tropical Cyclone,TC,1.0,0.0,Track_TC_MS
7885,361,104.589844,-8.385573,2020-02-04 15:00:00,100133.8,22.8581,Tropical Cyclone,TC,1.0,0.0,Track_TC_MS
7886,361,105.117188,-8.838303,2020-02-04 18:00:00,99820.23,24.75442,Tropical Cyclone,TC,1.0,0.0,Track_TC_MS
7887,361,105.644531,-9.594107,2020-02-04 21:00:00,99821.84,26.4304,Tropical Cyclone,TC,1.0,0.0,Track_TC_MS
7888,361,105.996094,-9.896894,2020-02-05 00:00:00,99737.27,27.27713,Tropical Cyclone,TC,1.0,0.0,Track_TC_MS
7889,361,106.523438,-10.3516,2020-02-05 03:00:00,99722.99,25.54666,Tropical Cyclone,TC,1.0,0.0,Track_TC_MS
7890,361,106.875,-10.655103,2020-02-05 06:00:00,99622.93,23.55502,Tropical Cyclone,TC,1.0,0.0,Track_TC_MS
7891,361,107.578125,-10.958908,2020-02-05 09:00:00,99729.62,21.45826,Tropical Cyclone,TC,1.0,0.0,Track_TC_MS
8037,370,61.347656,-13.862006,2020-02-01 21:00:00,100014.9,17.12654,Tropical Cyclone,TC,1.0,0.0,Track_TC
8038,370,61.171875,-14.015742,2020-02-02 00:00:00,99898.21,16.99874,Tropical Cyclone,TC,1.0,0.0,Track_TC
8039,370,61.523438,-14.015742,2020-02-02 03:00:00,99954.66,17.70675,Tropical Cyclone,TC,1.0,0.0,Track_TC
8040,370,61.523438,-14.323523,2020-02-02 06:00:00,99887.35,18.66324,Tropical Cyclone,TC,1.0,0.0,Track_TC
8042,370,60.644531,-15.094849,2020-02-02 12:00:00,99650.2,19.98976,Tropical Cyclone,TC,1.0,0.0,Track_TC
8043,370,60.117188,-14.940364,2020-02-02 15:00:00,99704.32,18.10657,Tropical Cyclone,TC,1.0,0.0,Track_TC
8044,370,59.414062,-14.940364,2020-02-02 18:00:00,99338.01,20.09877,Tropical Cyclone,TC,1.0,0.0,Track_TC
8045,370,59.414062,-14.940364,2020-02-02 21:00:00,99047.16,21.90851,Tropical Cyclone,TC,1.0,0.0,Track_TC
8046,370,58.710938,-14.940364,2020-02-03 00:00:00,98944.19,23.04606,Tropical Cyclone,TC,1.0,0.0,Track_TC
8047,370,58.535156,-14.785991,2020-02-03 03:00:00,98987.99,22.36195,Tropical Cyclone,TC,1.0,0.0,Track_TC
8048,370,58.183594,-14.477572,2020-02-03 06:00:00,98923.19,24.01856,Tropical Cyclone,TC,1.0,0.0,Track_TC
8049,370,58.183594,-14.477572,2020-02-03 09:00:00,98748.48,23.39471,Tropical Cyclone,TC,1.0,0.0,Track_TC
8050,370,57.65625,-14.323523,2020-02-03 12:00:00,98731.26,25.46992,Tropical Cyclone,TC,1.0,0.0,Track_TC
8051,370,57.65625,-14.015742,2020-02-03 15:00:00,98431.18,25.83507,Tropical Cyclone,TC,1.0,0.0,Track_TC
8052,370,57.832031,-13.55484,2020-02-03 18:00:00,98155.6,30.11554,Tropical Cyclone,TC,1.0,0.0,Track_TC
8053,370,57.832031,-13.55484,2020-02-03 21:00:00,97416.59,33.86697,Tropical Cyclone,TC,1.0,0.0,Track_TC
8054,370,58.183594,-13.248069,2020-02-04 00:00:00,98052.71,30.52978,Tropical Cyclone,TC,1.0,0.0,Track_TC
8055,370,59.0625,-13.401405,2020-02-04 03:00:00,98075.85,29.81258,Tropical Cyclone,TC,1.0,0.0,Track_TC
8056,370,59.414062,-13.401405,2020-02-04 06:00:00,98013.75,29.03792,Tropical Cyclone,TC,1.0,0.0,Track_TC
8057,370,59.941406,-13.55484,2020-02-04 09:00:00,98037.0,29.35012,Tropical Cyclone,TC,1.0,0.0,Track_TC
8058,370,60.46875,-13.708373,2020-02-04 12:00:00,98030.4,29.63979,Tropical Cyclone,TC,1.0,0.0,Track_TC
8059,370,60.820312,-13.708373,2020-02-04 15:00:00,98141.9,30.31225,Tropical Cyclone,TC,1.0,0.0,Track_TC
8060,370,61.347656,-13.862006,2020-02-04 18:00:00,97979.09,30.54064,Tropical Cyclone,TC,1.0,0.0,Track_TC
8061,370,61.699219,-13.862006,2020-02-04 21:00:00,97706.18,29.73494,Tropical Cyclone,TC,1.0,0.0,Track_TC
8062,370,62.578125,-13.708373,2020-02-05 00:00:00,97818.26,31.42488,Tropical Cyclone,TC,1.0,0.0,Track_TC
8063,370,63.28125,-13.708373,2020-02-05 03:00:00,97660.02,32.59526,Tropical Cyclone,TC,1.0,0.0,Track_TC
8064,370,63.808594,-14.16958,2020-02-05 06:00:00,97315.09,32.21425,Tropical Cyclone,TC,1.0,0.0,Track_TC
8065,370,64.511719,-14.477572,2020-02-05 09:00:00,97032.34,32.20053,Tropical Cyclone,TC,1.0,0.0,Track_TC
8066,370,65.390625,-14.940364,2020-02-05 12:00:00,96966.06,33.95203,Tropical Cyclone,TC,1.0,0.0,Track_TC
8067,370,65.566406,-15.404157,2020-02-05 15:00:00,96703.47,29.61388,Tropical Cyclone,TC,1.0,0.0,Track_TC
8068,370,65.917969,-16.024166,2020-02-05 18:00:00,96328.56,31.59479,Tropical Cyclone,TC,1.0,0.0,Track_TC
8069,370,66.269531,-16.33489,2020-02-05 21:00:00,95921.79,33.22579,Tropical Cyclone,TC,1.0,0.0,Track_TC
8070,370,66.269531,-16.646109,2020-02-06 00:00:00,95391.84,35.45792,Tropical Cyclone,TC,1.0,0.0,Track_TC
8071,370,66.621094,-16.957833,2020-02-06 03:00:00,95060.48,38.41713,Tropical Cyclone,TC,1.0,0.0,Track_TC
8072,370,66.621094,-17.270076,2020-02-06 06:00:00,94771.23,37.14142,Tropical Cyclone,TC,1.0,0.0,Track_TC
8073,370,67.148438,-17.739438,2020-02-06 09:00:00,94179.04,38.67596,Tropical Cyclone,TC,1.0,0.0,Track_TC
8074,370,67.5,-18.053028,2020-02-06 12:00:00,93770.94,42.31734,Tropical Cyclone,TC,1.0,0.0,Track_TC
8075,370,67.675781,-18.524468,2020-02-06 15:00:00,93383.02,42.44109,Tropical Cyclone,TC,1.0,0.0,Track_TC
8076,370,67.851562,-18.997211,2020-02-06 18:00:00,93186.34,44.399,Tropical Cyclone,TC,1.0,0.0,Track_TC
8077,370,68.203125,-19.313119,2020-02-06 21:00:00,92906.19,45.39793,Tropical Cyclone,TC,1.0,0.0,Track_TC
8078,370,68.378906,-19.788132,2020-02-07 00:00:00,92780.56,45.48855,Tropical Cyclone,TC,1.0,0.0,Track_TC
8079,370,68.554688,-20.264566,2020-02-07 03:00:00,93108.35,45.18637,Tropical Cyclone,TC,1.0,0.0,Track_TC
8080,370,69.082031,-20.742467,2020-02-07 06:00:00,93239.59,44.35358,Tropical Cyclone,TC,1.0,0.0,Track_TC
8081,370,69.257812,-21.221882,2020-02-07 09:00:00,93474.13,42.77468,Tropical Cyclone,TC,1.0,0.0,Track_TC
8082,370,69.609375,-21.863542,2020-02-07 12:00:00,93544.04,42.15814,Tropical Cyclone,TC,1.0,0.0,Track_TC
8083,370,69.785156,-22.346682,2020-02-07 15:00:00,94019.76,40.08182,Tropical Cyclone,TC,1.0,0.0,Track_TC
8084,370,70.136719,-22.993491,2020-02-07 18:00:00,94341.23,38.5582,Tropical Cyclone,TC,1.0,0.0,Track_TC
8085,370,70.3125,-23.480635,2020-02-07 21:00:00,94306.84,39.47547,Tropical Cyclone,TC,1.0,0.0,Track_TC
8086,370,70.3125,-24.132978,2020-02-08 00:00:00,94783.98,36.15184,Tropical Cyclone,TC,1.0,0.0,Track_TC
8087,370,70.488281,-24.624423,2020-02-08 03:00:00,95187.35,34.77119,Tropical Cyclone,TC,1.0,0.0,Track_TC
8088,370,70.839844,-25.282711,2020-02-08 06:00:00,95609.97,33.99587,Tropical Cyclone,TC,1.0,0.0,Track_TC
8089,370,70.839844,-25.944591,2020-02-08 09:00:00,95685.54,34.12844,Tropical Cyclone,TC,1.0,0.0,Track_TC
8090,370,70.664062,-26.777221,2020-02-08 12:00:00,96026.94,31.80034,Tropical Cyclone,TC,1.0,0.0,Track_TC
8091,370,70.664062,-27.111977,2020-02-08 15:00:00,96501.21,29.33578,Tropical Cyclone,TC,1.0,0.0,Track_TC
8092,370,70.664062,-27.784525,2020-02-08 18:00:00,96802.66,27.85743,Tropical Cyclone,TC,1.0,0.0,Track_TC
8093,370,70.488281,-28.631115,2020-02-08 21:00:00,96973.66,27.98476,Tropical Cyclone,TC,1.0,0.0,Track_TC
8094,370,70.488281,-29.313328,2020-02-09 00:00:00,97206.62,28.8626,Tropical Cyclone,TC,1.0,0.0,Track_TC
8095,370,70.3125,-29.827991,2020-02-09 03:00:00,97319.91,28.55346,Tropical Cyclone,TC,1.0,0.0,Track_TC
8096,370,70.839844,-30.345318,2020-02-09 06:00:00,97391.74,28.61943,Tropical Cyclone,TC,1.0,0.0,Track_TC
8097,370,71.191406,-31.039379,2020-02-09 09:00:00,97420.44,27.61268,Tropical Cyclone,TC,1.0,0.0,Track_TC
8098,370,71.71875,-31.914149,2020-02-09 12:00:00,97562.62,26.93232,Tropical Cyclone,TC,1.0,0.0,Track_TC
8099,370,71.894531,-32.797318,2020-02-09 15:00:00,97678.46,27.18094,Tropical Cyclone,TC,1.0,0.0,Track_TC
8100,370,72.070312,-33.331442,2020-02-09 18:00:00,97602.01,25.10885,Tropical Cyclone,TC,1.0,1.0,Track_TC
8422,390,83.496094,-13.862006,2020-02-02 09:00:00,100128.6,17.39479,Tropical Cyclone,TC,1.0,0.0,Track_TC_MS
8432,390,87.363281,-12.330035,2020-02-03 15:00:00,100542.2,16.82445,Tropical Cyclone,TC,1.0,0.0,Track_TC_MS
8435,390,89.472656,-13.248069,2020-02-04 00:00:00,100278.7,15.5314,Tropical Cyclone,TC,1.0,0.0,Track_TC_MS
8436,390,89.824219,-13.55484,2020-02-04 03:00:00,100333.7,15.72701,Tropical Cyclone,TC,1.0,0.0,Track_TC_MS
8437,390,90.0,-13.708373,2020-02-04 06:00:00,100149.0,15.05571,Tropical Cyclone,TC,1.0,0.0,Track_TC_MS
8438,390,90.175781,-13.862006,2020-02-04 09:00:00,100122.6,14.20705,Tropical Cyclone,TC,1.0,0.0,Track_TC_MS
8440,390,89.824219,-13.862006,2020-02-04 15:00:00,100448.0,17.96764,Tropical Cyclone,TC,1.0,0.0,Track_TC_MS
8441,390,90.0,-13.708373,2020-02-04 18:00:00,100293.5,16.53483,Tropical Cyclone,TC,1.0,0.0,Track_TC_MS
8442,390,90.175781,-13.55484,2020-02-04 21:00:00,100274.6,16.05953,Tropical Cyclone,TC,1.0,0.0,Track_TC_MS
8443,390,90.351563,-13.401405,2020-02-05 00:00:00,100457.8,15.02648,Tropical Cyclone,TC,1.0,0.0,Track_TC_MS
8444,390,90.703125,-13.094829,2020-02-05 03:00:00,100491.7,14.08091,Tropical Cyclone,TC,1.0,0.0,Track_TC_MS
8451,390,92.109375,-11.872236,2020-02-06 00:00:00,100334.6,16.2202,Tropical Cyclone,TC,1.0,0.0,Track_TC_MS
8452,390,92.460938,-11.872236,2020-02-06 03:00:00,100276.4,18.10979,Tropical Cyclone,TC,1.0,0.0,Track_TC_MS
8453,390,92.636719,-11.719808,2020-02-06 06:00:00,100127.6,18.14825,Tropical Cyclone,TC,1.0,0.0,Track_TC_MS
8454,390,92.988281,-11.719808,2020-02-06 09:00:00,100069.5,19.10642,Tropical Cyclone,TC,1.0,0.0,Track_TC_MS
8455,390,93.339844,-11.719808,2020-02-06 12:00:00,100159.6,19.19581,Tropical Cyclone,TC,1.0,0.0,Track_TC_MS
8456,390,93.515625,-11.567465,2020-02-06 15:00:00,100154.0,19.91317,Tropical Cyclone,TC,1.0,0.0,Track_TC_MS
8457,390,93.867188,-11.567465,2020-02-06 18:00:00,99927.95,19.3735,Tropical Cyclone,TC,1.0,0.0,Track_TC_MS
8458,390,94.21875,-11.872236,2020-02-06 21:00:00,99964.62,20.62093,Tropical Cyclone,TC,1.0,0.0,Track_TC_MS
8459,390,94.570312,-11.872236,2020-02-07 00:00:00,100017.8,21.36323,Tropical Cyclone,TC,1.0,0.0,Track_TC_MS
8461,390,95.273438,-12.177348,2020-02-07 06:00:00,99963.59,19.43923,Tropical Cyclone,TC,1.0,0.0,Track_TC_MS
8462,390,95.976562,-12.482811,2020-02-07 09:00:00,99714.06,20.31289,Tropical Cyclone,TC,1.0,0.0,Track_TC_MS
8463,390,96.503906,-12.635677,2020-02-07 12:00:00,99764.94,21.34318,Tropical Cyclone,TC,1.0,0.0,Track_TC_MS
8464,390,97.03125,-12.788634,2020-02-07 15:00:00,99939.73,20.0998,Tropical Cyclone,TC,1.0,0.0,Track_TC_MS
8465,390,97.558594,-12.941685,2020-02-07 18:00:00,99632.79,20.26806,Tropical Cyclone,TC,1.0,0.0,Track_TC_MS
8466,390,98.261719,-13.248069,2020-02-07 21:00:00,99616.62,19.84266,Tropical Cyclone,TC,1.0,0.0,Track_TC_MS
8467,390,98.964844,-13.248069,2020-02-08 00:00:00,99904.15,20.92169,Tropical Cyclone,TC,1.0,0.0,Track_TC_MS
8468,390,99.667969,-13.55484,2020-02-08 03:00:00,99399.23,20.57049,Tropical Cyclone,TC,1.0,0.0,Track_TC_MS
8469,390,100.195313,-13.708373,2020-02-08 06:00:00,99732.38,21.0317,Tropical Cyclone,TC,1.0,0.0,Track_TC_MS
8470,390,100.898438,-14.015742,2020-02-08 09:00:00,99870.87,19.98763,Tropical Cyclone,TC,1.0,0.0,Track_TC_MS
8471,390,101.425781,-14.477572,2020-02-08 12:00:00,100149.5,19.57351,Tropical Cyclone,TC,1.0,0.0,Track_TC_MS
8472,390,102.304687,-14.631727,2020-02-08 15:00:00,100228.3,17.87939,Tropical Cyclone,TC,1.0,0.0,Track_TC_MS
8473,390,103.359375,-14.940364,2020-02-08 18:00:00,99966.45,18.86913,Tropical Cyclone,TC,1.0,0.0,Track_TC_MS
8474,390,104.0625,-14.940364,2020-02-08 21:00:00,99800.88,20.21407,Tropical Cyclone,TC,1.0,0.0,Track_TC_MS
8475,390,104.589844,-15.094849,2020-02-09 00:00:00,100181.6,20.59682,Tropical Cyclone,TC,1.0,0.0,Track_TC_MS
8476,390,105.117188,-15.558983,2020-02-09 03:00:00,100221.1,18.49558,Tropical Cyclone,TC,1.0,0.0,Track_TC_MS
8477,390,105.820312,-15.868986,2020-02-09 06:00:00,100038.1,16.3022,Tropical Cyclone,TC,1.0,0.0,Track_TC_MS
8478,390,106.699219,-16.024166,2020-02-09 09:00:00,100187.7,15.43259,Tropical Cyclone,TC,1.0,0.0,Track_TC_MS
8479,390,107.226563,-16.179467,2020-02-09 12:00:00,100192.0,15.03132,Tropical Cyclone,TC,1.0,0.0,Track_TC_MS
8480,390,107.753906,-16.33489,2020-02-09 15:00:00,100241.6,15.77516,Tropical Cyclone,TC,1.0,0.0,Track_TC_MS
8481,390,108.632812,-16.490437,2020-02-09 18:00:00,100076.5,15.28083,Tropical Cyclone,TC,1.0,0.0,Track_TC_MS
8482,390,109.335938,-16.490437,2020-02-09 21:00:00,100141.1,16.61555,Tropical Cyclone,TC,1.0,0.0,Track_TC_MS
8483,390,110.039063,-16.490437,2020-02-10 00:00:00,100259.1,17.26384,Tropical Cyclone,TC,1.0,0.0,Track_TC_MS
8484,390,111.09375,-16.490437,2020-02-10 03:00:00,100216.0,17.98256,Tropical Cyclone,TC,1.0,0.0,Track_TC_MS
8485,390,111.796875,-16.490437,2020-02-10 06:00:00,100125.6,17.89897,Tropical Cyclone,TC,1.0,0.0,Track_TC_MS
8486,390,112.324219,-16.646109,2020-02-10 09:00:00,100061.3,20.45726,Tropical Cyclone,TC,1.0,0.0,Track_TC_MS
8487,390,113.027344,-16.646109,2020-02-10 12:00:00,100330.0,19.19878,Tropical Cyclone,TC,1.0,0.0,Track_TC_MS
10027,460,165.058594,-16.646109,2020-02-07 15:00:00,99739.07,16.04086,Tropical Cyclone,TC,1.0,0.0,Track_TC_MS
10028,460,165.9375,-17.426395,2020-02-07 18:00:00,99709.03,17.51885,Tropical Cyclone,TC,1.0,0.0,Track_TC_MS
10029,460,166.113281,-17.896163,2020-02-07 21:00:00,99709.15,18.32941,Tropical Cyclone,TC,1.0,0.0,Track_TC_MS
10030,460,166.289063,-18.367178,2020-02-08 00:00:00,99530.35,21.0589,Tropical Cyclone,TC,1.0,0.0,Track_TC_MS
10031,460,166.464844,-18.839483,2020-02-08 03:00:00,99281.9,22.05496,Tropical Cyclone,TC,1.0,0.0,Track_TC_MS
10032,460,166.640625,-18.997211,2020-02-08 06:00:00,99042.34,25.03922,Tropical Cyclone,TC,1.0,0.0,Track_TC_MS
10033,460,166.640625,-19.313119,2020-02-08 09:00:00,99076.38,28.27745,Tropical Cyclone,TC,1.0,0.0,Track_TC_MS
10034,460,166.816406,-19.788132,2020-02-08 12:00:00,99031.02,24.26816,Tropical Cyclone,TC,1.0,1.0,Track_TC_MS
10035,460,166.816406,-20.423701,2020-02-08 15:00:00,98957.63,23.3625,Tropical Cyclone,TC,1.0,1.0,Track_TC_MS
10036,460,166.816406,-20.742467,2020-02-08 18:00:00,99037.59,23.19802,Tropical Cyclone,TC,1.0,1.0,Track_TC_MS
10037,460,166.816406,-21.382032,2020-02-08 21:00:00,99184.81,22.53791,Tropical Cyclone,TC,1.0,1.0,Track_TC_MS
10038,460,166.992188,-21.863542,2020-02-09 00:00:00,99204.6,23.37209,Tropical Cyclone,TC,1.0,1.0,Track_TC_MS
10092,463,130.78125,-15.558983,2020-02-06 00:00:00,99872.2,9.766161,Tropical Cyclone,TC,1.0,0.0,Track_TC_MS
10096,463,131.132812,-16.490437,2020-02-06 12:00:00,99732.38,9.729366,Tropical Cyclone,TC,1.0,0.0,Track_TC_MS
10097,463,131.132812,-16.179467,2020-02-06 15:00:00,99470.35,9.56338,Tropical Cyclone,TC,1.0,0.0,Track_TC_MS
10098,463,131.484375,-16.179467,2020-02-06 18:00:00,99428.38,8.330899,Tropical Cyclone,TC,1.0,0.0,Track_TC_MS
10099,463,131.660156,-16.024166,2020-02-06 21:00:00,99563.77,8.241812,Tropical Cyclone,TC,1.0,0.0,Track_TC_MS
10100,463,131.660156,-16.024166,2020-02-07 00:00:00,99654.74,8.209395,Tropical Cyclone,TC,1.0,0.0,Track_TC_MS
10102,463,131.835938,-16.179467,2020-02-07 06:00:00,99453.16,7.8416,Tropical Cyclone,TC,1.0,0.0,Track_TC_MS
10108,463,131.308594,-15.713926,2020-02-08 00:00:00,99939.41,8.816777,Tropical Cyclone,TC,1.0,0.0,Track_TC_MS
10122,463,131.308594,-16.646109,2020-02-09 18:00:00,99752.1,9.580075,Tropical Cyclone,TC,1.0,0.0,Track_TC_MS
10123,463,130.957031,-16.33489,2020-02-09 21:00:00,99865.43,11.60995,Tropical Cyclone,TC,1.0,0.0,Track_TC_MS
10124,463,130.957031,-16.024166,2020-02-10 00:00:00,99914.27,16.51235,Tropical Cyclone,TC,1.0,0.0,Track_TC_MS
10128,463,131.484375,-15.868986,2020-02-10 12:00:00,99874.29,8.371406,Tropical Cyclone,TC,1.0,0.0,Track_TC_MS
10139,463,127.617188,-16.179467,2020-02-11 21:00:00,99528.41,11.29733,Tropical Cyclone,TC,1.0,0.0,Track_TC_MS
10150,463,127.265625,-18.367178,2020-02-13 06:00:00,99048.79,11.69823,Tropical Cyclone,TC,1.0,0.0,Track_TC_MS
10151,463,127.265625,-17.739438,2020-02-13 09:00:00,99150.02,11.81589,Tropical Cyclone,TC,1.0,0.0,Track_TC_MS
10152,463,127.617188,-17.113889,2020-02-13 12:00:00,99235.82,12.08217,Tropical Cyclone,TC,1.0,0.0,Track_TC_MS
10153,463,127.792969,-16.957833,2020-02-13 15:00:00,99124.88,13.07786,Tropical Cyclone,TC,1.0,0.0,Track_TC_MS
10154,463,128.144531,-16.957833,2020-02-13 18:00:00,99074.26,12.44123,Tropical Cyclone,TC,1.0,0.0,Track_TC_MS
10155,463,128.496094,-17.270076,2020-02-13 21:00:00,99244.15,10.96604,Tropical Cyclone,TC,1.0,0.0,Track_TC_MS
10156,463,128.496094,-17.582849,2020-02-14 00:00:00,99362.85,10.88109,Tropical Cyclone,TC,1.0,0.0,Track_TC_MS
10157,463,128.320312,-17.739438,2020-02-14 03:00:00,99199.25,10.87315,Tropical Cyclone,TC,1.0,0.0,Track_TC_MS
10158,463,128.320312,-17.739438,2020-02-14 06:00:00,99168.88,11.95759,Tropical Cyclone,TC,1.0,0.0,Track_TC_MS
10159,463,128.496094,-17.896163,2020-02-14 09:00:00,99401.0,11.8629,Tropical Cyclone,TC,1.0,0.0,Track_TC_MS
10160,463,128.671875,-18.367178,2020-02-14 12:00:00,99630.88,13.54503,Tropical Cyclone,TC,1.0,0.0,Track_TC_MS
10161,463,128.496094,-18.839483,2020-02-14 15:00:00,99605.31,14.6169,Tropical Cyclone,TC,1.0,0.0,Track_TC_MS
10162,463,128.144531,-19.15509,2020-02-14 18:00:00,99658.77,14.01354,Tropical Cyclone,TC,1.0,0.0,Track_TC_MS
10163,463,127.792969,-19.471302,2020-02-14 21:00:00,99845.01,12.28277,Tropical Cyclone,TC,1.0,0.0,Track_TC_MS
10164,463,127.617188,-19.629639,2020-02-15 00:00:00,99972.91,11.97944,Tropical Cyclone,TC,1.0,0.0,Track_TC_MS
10165,463,127.265625,-19.946783,2020-02-15 03:00:00,99925.5,12.03431,Tropical Cyclone,TC,1.0,0.0,Track_TC_MS
10166,463,127.089844,-20.105594,2020-02-15 06:00:00,99925.3,11.84513,Tropical Cyclone,TC,1.0,0.0,Track_TC_MS
10167,463,126.738281,-20.105594,2020-02-15 09:00:00,100142.2,13.68877,Tropical Cyclone,TC,1.0,0.0,Track_TC_MS
10168,463,126.738281,-20.105594,2020-02-15 12:00:00,100335.5,12.32493,Tropical Cyclone,TC,1.0,0.0,Track_TC_MS
12440,578,202.675781,-26.944475,2020-02-13 18:00:00,100548.6,14.01556,Tropical Cyclone,TC,1.0,1.0,Track_TC_TT
12441,578,202.324219,-26.944475,2020-02-13 21:00:00,100461.1,13.69676,Tropical Cyclone,TC,1.0,1.0,Track_TC
12442,578,202.675781,-27.279731,2020-02-14 00:00:00,100439.8,13.7476,Tropical Cyclone,TC,1.0,0.0,Track_TC
12443,578,203.027344,-27.616002,2020-02-14 03:00:00,100511.1,14.48857,Tropical Cyclone,TC,1.0,0.0,Track_TC
12444,578,202.851563,-28.122357,2020-02-14 06:00:00,100628.8,15.43248,Tropical Cyclone,TC,1.0,0.0,Track_TC
12445,578,203.027344,-28.97166,2020-02-14 09:00:00,100501.8,16.48199,Tropical Cyclone,TC,1.0,0.0,Track_TC
12446,578,202.851563,-29.484592,2020-02-14 12:00:00,100492.4,15.17073,Tropical Cyclone,TC,1.0,0.0,Track_TC
12543,580,83.496094,-12.330035,2020-02-12 15:00:00,100821.6,14.1572,Tropical Cyclone,TC,1.0,0.0,Track_TC_MS
12544,580,84.023438,-12.482811,2020-02-12 18:00:00,100532.5,14.36999,Tropical Cyclone,TC,1.0,0.0,Track_TC_MS
12545,580,84.726563,-12.482811,2020-02-12 21:00:00,100332.6,16.55413,Tropical Cyclone,TC,1.0,0.0,Track_TC_MS
12546,580,85.078125,-12.482811,2020-02-13 00:00:00,100406.3,16.38556,Tropical Cyclone,TC,1.0,0.0,Track_TC_MS
12547,580,85.78125,-12.177348,2020-02-13 03:00:00,100406.3,16.89559,Tropical Cyclone,TC,1.0,0.0,Track_TC_MS
12548,580,86.484375,-12.177348,2020-02-13 06:00:00,100179.7,17.27395,Tropical Cyclone,TC,1.0,0.0,Track_TC_MS
12549,580,87.363281,-12.024748,2020-02-13 09:00:00,99937.77,17.44715,Tropical Cyclone,TC,1.0,0.0,Track_TC_MS
12550,580,88.242188,-11.872236,2020-02-13 12:00:00,100011.0,18.06028,Tropical Cyclone,TC,1.0,0.0,Track_TC_MS
12551,580,89.296875,-11.872236,2020-02-13 15:00:00,100013.8,15.3993,Tropical Cyclone,TC,1.0,0.0,Track_TC_MS
12552,580,90.175781,-12.024748,2020-02-13 18:00:00,99672.81,16.64461,Tropical Cyclone,TC,1.0,0.0,Track_TC_MS
12553,580,91.230469,-12.330035,2020-02-13 21:00:00,99608.09,17.46507,Tropical Cyclone,TC,1.0,0.0,Track_TC_MS
12554,580,92.109375,-12.482811,2020-02-14 00:00:00,99785.22,18.21332,Tropical Cyclone,TC,1.0,0.0,Track_TC_MS
12555,580,92.988281,-12.635677,2020-02-14 03:00:00,99898.62,18.15618,Tropical Cyclone,TC,1.0,0.0,Track_TC_MS
13840,648,184.042969,-17.270076,2020-02-16 00:00:00,99713.02,19.84778,Tropical Cyclone,TC,1.0,0.0,Track_TC_MS
13841,648,184.21875,-17.426395,2020-02-16 03:00:00,99475.96,20.47453,Tropical Cyclone,TC,1.0,0.0,Track_TC_MS
13842,648,184.746094,-18.210032,2020-02-16 06:00:00,99455.88,21.15141,Tropical Cyclone,TC,1.0,0.0,Track_TC_MS
13843,648,185.449219,-18.524468,2020-02-16 09:00:00,99254.5,21.98653,Tropical Cyclone,TC,1.0,0.0,Track_TC_MS
13844,648,186.152344,-19.15509,2020-02-16 12:00:00,99038.9,23.0804,Tropical Cyclone,TC,1.0,0.0,Track_TC_MS
13845,648,186.679688,-19.946783,2020-02-16 15:00:00,99205.21,22.59197,Tropical Cyclone,TC,1.0,1.0,Track_TC_MS
13846,648,187.03125,-20.902101,2020-02-16 18:00:00,99237.93,20.39311,Tropical Cyclone,TC,1.0,1.0,Track_TC_MS
13847,648,187.382812,-21.542358,2020-02-16 21:00:00,99144.06,19.94474,Tropical Cyclone,TC,1.0,1.0,Track_TC_MS
15280,704,170.332031,-12.941685,2020-02-22 06:00:00,100192.7,12.36706,Tropical Cyclone,TC,1.0,0.0,Track_TC_MS
15281,704,170.15625,-12.788634,2020-02-22 09:00:00,100206.2,13.66543,Tropical Cyclone,TC,1.0,0.0,Track_TC_MS
15282,704,170.332031,-12.941685,2020-02-22 12:00:00,99969.7,14.12652,Tropical Cyclone,TC,1.0,0.0,Track_TC_MS
15283,704,170.15625,-13.401405,2020-02-22 15:00:00,99723.96,14.77868,Tropical Cyclone,TC,1.0,0.0,Track_TC_MS
15284,704,170.507812,-13.708373,2020-02-22 18:00:00,99703.71,16.20201,Tropical Cyclone,TC,1.0,0.0,Track_TC_MS
15285,704,170.507812,-14.015742,2020-02-22 21:00:00,99575.71,20.83439,Tropical Cyclone,TC,1.0,0.0,Track_TC_MS
15286,704,170.683594,-14.477572,2020-02-23 00:00:00,99203.43,21.23967,Tropical Cyclone,TC,1.0,0.0,Track_TC_MS
15287,704,170.859375,-14.631727,2020-02-23 03:00:00,98711.06,24.64711,Tropical Cyclone,TC,1.0,0.0,Track_TC_MS
15288,704,171.035156,-14.785991,2020-02-23 06:00:00,98391.57,25.47883,Tropical Cyclone,TC,1.0,0.0,Track_TC_MS
15289,704,171.210937,-14.940364,2020-02-23 09:00:00,98265.12,27.78291,Tropical Cyclone,TC,1.0,0.0,Track_TC_MS
15290,704,171.386719,-15.404157,2020-02-23 12:00:00,97658.23,28.7199,Tropical Cyclone,TC,1.0,0.0,Track_TC_MS
15291,704,171.738281,-15.713926,2020-02-23 15:00:00,97348.75,28.57474,Tropical Cyclone,TC,1.0,0.0,Track_TC_MS
15292,704,171.914063,-16.179467,2020-02-23 18:00:00,96629.99,33.91037,Tropical Cyclone,TC,1.0,0.0,Track_TC_MS
15293,704,172.089844,-16.646109,2020-02-23 21:00:00,96676.13,36.46669,Tropical Cyclone,TC,1.0,0.0,Track_TC_MS
15294,704,172.089844,-16.957833,2020-02-24 00:00:00,96612.21,37.66756,Tropical Cyclone,TC,1.0,0.0,Track_TC_MS
15295,704,172.265625,-17.426395,2020-02-24 03:00:00,96852.6,37.25286,Tropical Cyclone,TC,1.0,0.0,Track_TC_MS
15296,704,172.441406,-17.582849,2020-02-24 06:00:00,96940.19,37.19507,Tropical Cyclone,TC,1.0,0.0,Track_TC_MS
15297,704,172.792969,-17.896163,2020-02-24 09:00:00,97454.75,34.30295,Tropical Cyclone,TC,1.0,0.0,Track_TC_MS
15298,704,172.792969,-18.210032,2020-02-24 12:00:00,97418.95,32.62264,Tropical Cyclone,TC,1.0,0.0,Track_TC_MS
15299,704,173.144531,-18.524468,2020-02-24 15:00:00,97713.19,32.82927,Tropical Cyclone,TC,1.0,0.0,Track_TC_MS
15300,704,173.144531,-18.839483,2020-02-24 18:00:00,98073.0,29.05706,Tropical Cyclone,TC,1.0,0.0,Track_TC_MS
15301,704,173.320312,-18.997211,2020-02-24 21:00:00,98616.1,26.27117,Tropical Cyclone,TC,1.0,0.0,Track_TC_MS
15302,704,173.320312,-19.629639,2020-02-25 00:00:00,98493.65,23.75772,Tropical Cyclone,TC,1.0,0.0,Track_TC_MS
15303,704,173.320312,-19.946783,2020-02-25 03:00:00,98576.34,21.88874,Tropical Cyclone,TC,1.0,0.0,Track_TC_MS
15304,704,173.671875,-20.264566,2020-02-25 06:00:00,98879.52,22.55219,Tropical Cyclone,TC,1.0,1.0,Track_TC_MS
15305,704,173.671875,-20.583,2020-02-25 09:00:00,98802.49,26.46849,Tropical Cyclone,TC,1.0,1.0,Track_TC_MS
15306,704,174.199219,-21.061906,2020-02-25 12:00:00,98675.06,27.25566,Tropical Cyclone,TC,1.0,1.0,Track_TC_MS
15307,704,174.550781,-21.382032,2020-02-25 15:00:00,98768.97,25.58651,Tropical Cyclone,TC,1.0,1.0,Track_TC_MS
15308,704,175.078125,-22.185451,2020-02-25 18:00:00,99046.4,25.02436,Tropical Cyclone,TC,1.0,1.0,Track_TC_MS
15309,704,175.429688,-22.508099,2020-02-25 21:00:00,99069.21,24.64395,Tropical Cyclone,TC,1.0,1.0,Track_TC_MS
15312,704,175.253906,-23.643414,2020-02-26 06:00:00,99193.44,24.60419,Tropical Cyclone,TC,1.0,1.0,Track_TC_MS
15313,704,175.429688,-24.132978,2020-02-26 09:00:00,99412.73,22.40813,Tropical Cyclone,TC,1.0,1.0,Track_TC_MS
15314,704,175.78125,-24.788666,2020-02-26 12:00:00,99380.77,22.06777,Tropical Cyclone,TC,1.0,1.0,Track_TC_MS
15316,704,175.78125,-25.778776,2020-02-26 18:00:00,99611.59,23.08345,Tropical Cyclone,TC,1.0,1.0,Track_TC_MS
15776,727,78.75,-12.788634,2020-02-18 18:00:00,100357.9,16.15771,Tropical Cyclone,TC,1.0,0.0,Track_TC
15777,727,79.101562,-13.094829,2020-02-18 21:00:00,99965.62,17.7618,Tropical Cyclone,TC,1.0,0.0,Track_TC
15778,727,79.277344,-13.248069,2020-02-19 00:00:00,99929.68,17.15581,Tropical Cyclone,TC,1.0,0.0,Track_TC
15779,727,79.453125,-13.401405,2020-02-19 03:00:00,99920.16,18.03392,Tropical Cyclone,TC,1.0,0.0,Track_TC
15780,727,79.628906,-13.248069,2020-02-19 06:00:00,99749.25,19.23496,Tropical Cyclone,TC,1.0,0.0,Track_TC
15781,727,79.980469,-13.248069,2020-02-19 09:00:00,99754.65,20.81979,Tropical Cyclone,TC,1.0,0.0,Track_TC
15782,727,80.683594,-13.55484,2020-02-19 12:00:00,99672.48,20.37425,Tropical Cyclone,TC,1.0,0.0,Track_TC
15783,727,81.035156,-13.55484,2020-02-19 15:00:00,99764.23,21.57376,Tropical Cyclone,TC,1.0,0.0,Track_TC
15784,727,81.386719,-13.55484,2020-02-19 18:00:00,99588.57,24.00833,Tropical Cyclone,TC,1.0,0.0,Track_TC
15785,727,81.914062,-14.015742,2020-02-19 21:00:00,99458.71,24.37731,Tropical Cyclone,TC,1.0,0.0,Track_TC
15786,727,82.089844,-13.862006,2020-02-20 00:00:00,99436.22,26.47074,Tropical Cyclone,TC,1.0,0.0,Track_TC
15787,727,82.265625,-14.015742,2020-02-20 03:00:00,99311.71,29.38677,Tropical Cyclone,TC,1.0,0.0,Track_TC
15788,727,82.617188,-14.015742,2020-02-20 06:00:00,99119.96,28.83347,Tropical Cyclone,TC,1.0,0.0,Track_TC
15789,727,82.96875,-14.323523,2020-02-20 09:00:00,99060.09,27.23899,Tropical Cyclone,TC,1.0,0.0,Track_TC
15790,727,83.144531,-14.477572,2020-02-20 12:00:00,99234.41,25.70536,Tropical Cyclone,TC,1.0,0.0,Track_TC
15791,727,83.144531,-14.477572,2020-02-20 15:00:00,99377.04,24.53545,Tropical Cyclone,TC,1.0,0.0,Track_TC
15792,727,82.96875,-14.323523,2020-02-20 18:00:00,98759.91,27.81173,Tropical Cyclone,TC,1.0,0.0,Track_TC
15793,727,82.96875,-14.323523,2020-02-20 21:00:00,98337.12,28.43359,Tropical Cyclone,TC,1.0,0.0,Track_TC
15794,727,83.144531,-14.16958,2020-02-21 00:00:00,98479.98,26.80939,Tropical Cyclone,TC,1.0,0.0,Track_TC
15795,727,82.96875,-13.708373,2020-02-21 03:00:00,98291.73,31.09637,Tropical Cyclone,TC,1.0,0.0,Track_TC
15796,727,82.96875,-13.708373,2020-02-21 06:00:00,97643.16,34.61119,Tropical Cyclone,TC,1.0,0.0,Track_TC
15797,727,82.96875,-13.708373,2020-02-21 09:00:00,97737.99,32.8143,Tropical Cyclone,TC,1.0,0.0,Track_TC
15798,727,82.96875,-13.401405,2020-02-21 12:00:00,97560.8,32.5168,Tropical Cyclone,TC,1.0,0.0,Track_TC
15799,727,82.792969,-13.248069,2020-02-21 15:00:00,97528.72,34.36513,Tropical Cyclone,TC,1.0,0.0,Track_TC
15800,727,82.617188,-13.401405,2020-02-21 18:00:00,97420.47,32.45883,Tropical Cyclone,TC,1.0,0.0,Track_TC
15801,727,82.441406,-13.248069,2020-02-21 21:00:00,96734.65,36.80638,Tropical Cyclone,TC,1.0,0.0,Track_TC
15802,727,82.089844,-13.248069,2020-02-22 00:00:00,96526.43,41.62954,Tropical Cyclone,TC,1.0,0.0,Track_TC
15803,727,82.089844,-13.248069,2020-02-22 03:00:00,96702.23,40.72006,Tropical Cyclone,TC,1.0,0.0,Track_TC
15804,727,81.914062,-13.401405,2020-02-22 06:00:00,96692.72,40.71764,Tropical Cyclone,TC,1.0,0.0,Track_TC
15805,727,81.914062,-13.401405,2020-02-22 09:00:00,96445.4,42.88017,Tropical Cyclone,TC,1.0,0.0,Track_TC
15806,727,81.738281,-13.55484,2020-02-22 12:00:00,96645.24,40.16296,Tropical Cyclone,TC,1.0,0.0,Track_TC
15807,727,81.5625,-13.708373,2020-02-22 15:00:00,96941.09,40.06816,Tropical Cyclone,TC,1.0,0.0,Track_TC
15808,727,81.386719,-13.862006,2020-02-22 18:00:00,97093.04,37.31177,Tropical Cyclone,TC,1.0,0.0,Track_TC
15809,727,81.386719,-14.16958,2020-02-22 21:00:00,96688.74,38.43343,Tropical Cyclone,TC,1.0,0.0,Track_TC
15810,727,81.035156,-14.477572,2020-02-23 00:00:00,96460.88,40.84083,Tropical Cyclone,TC,1.0,0.0,Track_TC
15811,727,80.859375,-14.631727,2020-02-23 03:00:00,96101.75,41.25636,Tropical Cyclone,TC,1.0,0.0,Track_TC
15812,727,80.507812,-14.940364,2020-02-23 06:00:00,96098.79,38.64738,Tropical Cyclone,TC,1.0,0.0,Track_TC
15813,727,80.15625,-15.249446,2020-02-23 09:00:00,95288.0,45.22536,Tropical Cyclone,TC,1.0,0.0,Track_TC
15814,727,79.980469,-15.404157,2020-02-23 12:00:00,95902.76,44.48485,Tropical Cyclone,TC,1.0,0.0,Track_TC
15815,727,79.628906,-15.713926,2020-02-23 15:00:00,95486.38,44.53781,Tropical Cyclone,TC,1.0,0.0,Track_TC
15816,727,79.453125,-16.179467,2020-02-23 18:00:00,95626.16,41.00023,Tropical Cyclone,TC,1.0,0.0,Track_TC
15817,727,79.453125,-16.490437,2020-02-23 21:00:00,96546.41,42.23832,Tropical Cyclone,TC,1.0,0.0,Track_TC
15818,727,79.101562,-17.113889,2020-02-24 00:00:00,97039.59,42.03053,Tropical Cyclone,TC,1.0,0.0,Track_TC
15819,727,78.574219,-17.270076,2020-02-24 03:00:00,97211.49,36.38257,Tropical Cyclone,TC,1.0,0.0,Track_TC
15820,727,78.046875,-17.426395,2020-02-24 06:00:00,97107.76,33.7625,Tropical Cyclone,TC,1.0,0.0,Track_TC
15821,727,77.519531,-17.582849,2020-02-24 09:00:00,97561.48,31.00191,Tropical Cyclone,TC,1.0,0.0,Track_TC
15822,727,76.992188,-17.739438,2020-02-24 12:00:00,97165.38,34.10624,Tropical Cyclone,TC,1.0,0.0,Track_TC
15823,727,76.289062,-17.739438,2020-02-24 15:00:00,97485.77,31.21107,Tropical Cyclone,TC,1.0,0.0,Track_TC
15824,727,75.585938,-17.739438,2020-02-24 18:00:00,96759.51,36.56017,Tropical Cyclone,TC,1.0,0.0,Track_TC
15825,727,75.234375,-17.739438,2020-02-24 21:00:00,96669.5,34.43547,Tropical Cyclone,TC,1.0,0.0,Track_TC
15826,727,74.53125,-17.739438,2020-02-25 00:00:00,96599.75,33.53391,Tropical Cyclone,TC,1.0,0.0,Track_TC
15827,727,73.652344,-17.896163,2020-02-25 03:00:00,96336.07,35.46804,Tropical Cyclone,TC,1.0,0.0,Track_TC
15828,727,72.949219,-17.896163,2020-02-25 06:00:00,95949.41,35.35394,Tropical Cyclone,TC,1.0,0.0,Track_TC
15829,727,72.246094,-17.896163,2020-02-25 09:00:00,95774.75,37.19052,Tropical Cyclone,TC,1.0,0.0,Track_TC
15830,727,71.542969,-17.896163,2020-02-25 12:00:00,95627.75,38.57935,Tropical Cyclone,TC,1.0,0.0,Track_TC
15831,727,70.664062,-18.053028,2020-02-25 15:00:00,95599.81,40.26049,Tropical Cyclone,TC,1.0,0.0,Track_TC
15832,727,69.960938,-18.367178,2020-02-25 18:00:00,95352.41,40.48579,Tropical Cyclone,TC,1.0,0.0,Track_TC
15833,727,69.257812,-18.367178,2020-02-25 21:00:00,94947.24,42.38788,Tropical Cyclone,TC,1.0,0.0,Track_TC
15834,727,68.378906,-18.524468,2020-02-26 00:00:00,94849.7,43.01888,Tropical Cyclone,TC,1.0,0.0,Track_TC
15835,727,67.675781,-18.839483,2020-02-26 03:00:00,94773.88,43.61599,Tropical Cyclone,TC,1.0,0.0,Track_TC
15836,727,66.972656,-19.15509,2020-02-26 06:00:00,94771.2,44.90762,Tropical Cyclone,TC,1.0,0.0,Track_TC
15837,727,66.269531,-19.471302,2020-02-26 09:00:00,94431.29,45.59089,Tropical Cyclone,TC,1.0,0.0,Track_TC
15838,727,65.390625,-19.946783,2020-02-26 12:00:00,94277.71,46.1288,Tropical Cyclone,TC,1.0,0.0,Track_TC
15839,727,64.6875,-20.583,2020-02-26 15:00:00,94461.6,45.73733,Tropical Cyclone,TC,1.0,0.0,Track_TC
15840,727,63.808594,-21.061906,2020-02-26 18:00:00,94363.55,45.24837,Tropical Cyclone,TC,1.0,0.0,Track_TC
15841,727,62.929688,-21.863542,2020-02-26 21:00:00,94592.01,43.31898,Tropical Cyclone,TC,1.0,0.0,Track_TC
15842,727,62.050781,-22.346682,2020-02-27 00:00:00,94677.8,42.79178,Tropical Cyclone,TC,1.0,0.0,Track_TC
15843,727,61.171875,-23.155675,2020-02-27 03:00:00,95084.62,41.70497,Tropical Cyclone,TC,1.0,0.0,Track_TC
15844,727,60.46875,-23.806397,2020-02-27 06:00:00,95421.27,39.69728,Tropical Cyclone,TC,1.0,0.0,Track_TC
15845,727,59.589844,-24.624423,2020-02-27 09:00:00,95283.48,37.96074,Tropical Cyclone,TC,1.0,0.0,Track_TC
15846,727,59.0625,-25.447839,2020-02-27 12:00:00,95499.12,37.87084,Tropical Cyclone,TC,1.0,0.0,Track_TC
15847,727,58.359375,-26.11064,2020-02-27 15:00:00,95694.0,36.76902,Tropical Cyclone,TC,1.0,0.0,Track_TC
15848,727,57.832031,-26.944475,2020-02-27 18:00:00,95960.62,35.62236,Tropical Cyclone,TC,1.0,0.0,Track_TC
15849,727,57.304688,-27.447738,2020-02-27 21:00:00,96211.74,35.25336,Tropical Cyclone,TC,1.0,0.0,Track_TC
15850,727,56.777344,-28.291673,2020-02-28 00:00:00,96586.69,35.38671,Tropical Cyclone,TC,1.0,0.0,Track_TC
15851,727,56.425781,-28.631115,2020-02-28 03:00:00,97012.94,35.78918,Tropical Cyclone,TC,1.0,0.0,Track_TC
15852,727,56.074219,-28.97166,2020-02-28 06:00:00,97340.94,34.58778,Tropical Cyclone,TC,1.0,0.0,Track_TC
15853,727,55.898438,-29.484592,2020-02-28 09:00:00,97572.6,33.2966,Tropical Cyclone,TC,1.0,0.0,Track_TC
15854,727,55.546875,-29.827991,2020-02-28 12:00:00,97762.26,32.51459,Tropical Cyclone,TC,1.0,0.0,Track_TC
15855,727,55.371094,-30.345318,2020-02-28 15:00:00,98096.69,33.27699,Tropical Cyclone,TC,1.0,1.0,Track_TC
15856,727,55.195312,-30.518367,2020-02-28 18:00:00,98240.69,31.78484,Tropical Cyclone,TC,1.0,1.0,Track_TC
15857,727,55.371094,-30.691725,2020-02-28 21:00:00,98377.74,29.41586,Tropical Cyclone,TC,1.0,1.0,Track_TC
16374,748,146.777344,-15.404157,2020-02-23 21:00:00,100561.4,12.13203,Tropical Cyclone,TC,1.0,0.0,Track_TC_TT
16375,748,146.777344,-14.785991,2020-02-24 00:00:00,100468.9,12.5983,Tropical Cyclone,TC,1.0,0.0,Track_TC
16376,748,146.777344,-14.785991,2020-02-24 03:00:00,100196.0,15.13041,Tropical Cyclone,TC,1.0,0.0,Track_TC
16377,748,146.601562,-14.631727,2020-02-24 06:00:00,99892.56,16.26604,Tropical Cyclone,TC,1.0,0.0,Track_TC
16378,748,146.25,-14.323523,2020-02-24 09:00:00,100039.5,12.52536,Tropical Cyclone,TC,1.0,0.0,Track_TC
16379,748,146.074219,-14.16958,2020-02-24 12:00:00,100026.4,14.64725,Tropical Cyclone,TC,1.0,0.0,Track_TC
16380,748,145.722656,-14.16958,2020-02-24 15:00:00,99620.38,17.10833,Tropical Cyclone,TC,1.0,0.0,Track_TC
16381,748,145.371094,-14.16958,2020-02-24 18:00:00,99699.47,17.81678,Tropical Cyclone,TC,1.0,0.0,Track_TC
16382,748,145.019531,-13.862006,2020-02-24 21:00:00,99593.31,18.1641,Tropical Cyclone,TC,1.0,0.0,Track_TC
16383,748,144.667969,-13.862006,2020-02-25 00:00:00,99396.19,20.20966,Tropical Cyclone,TC,1.0,0.0,Track_TC
16384,748,144.492188,-13.708373,2020-02-25 03:00:00,99096.66,22.09056,Tropical Cyclone,TC,1.0,0.0,Track_TC
16385,748,144.316406,-13.55484,2020-02-25 06:00:00,99124.52,20.58039,Tropical Cyclone,TC,1.0,0.0,Track_TC
16386,748,144.316406,-13.55484,2020-02-25 09:00:00,98982.71,24.15391,Tropical Cyclone,TC,1.0,0.0,Track_TC
16387,748,144.140625,-13.401405,2020-02-25 12:00:00,98585.62,26.71003,Tropical Cyclone,TC,1.0,0.0,Track_TC
16388,748,144.492188,-13.401405,2020-02-25 15:00:00,98428.68,27.13895,Tropical Cyclone,TC,1.0,0.0,Track_TC
16389,748,144.492188,-13.401405,2020-02-25 18:00:00,98349.03,29.31689,Tropical Cyclone,TC,1.0,0.0,Track_TC
16390,748,144.84375,-13.401405,2020-02-25 21:00:00,98451.19,27.76814,Tropical Cyclone,TC,1.0,0.0,Track_TC
16391,748,145.019531,-13.55484,2020-02-26 00:00:00,98079.2,28.01996,Tropical Cyclone,TC,1.0,0.0,Track_TC
16392,748,145.195312,-13.708373,2020-02-26 03:00:00,97491.34,30.4737,Tropical Cyclone,TC,1.0,0.0,Track_TC
16393,748,145.546875,-13.708373,2020-02-26 06:00:00,97726.73,29.38305,Tropical Cyclone,TC,1.0,0.0,Track_TC
16394,748,145.898438,-13.708373,2020-02-26 09:00:00,98180.15,27.63282,Tropical Cyclone,TC,1.0,0.0,Track_TC
16395,748,146.074219,-14.16958,2020-02-26 12:00:00,98182.12,26.60933,Tropical Cyclone,TC,1.0,0.0,Track_TC
16396,748,146.425781,-14.477572,2020-02-26 15:00:00,97997.76,25.69437,Tropical Cyclone,TC,1.0,0.0,Track_TC
16397,748,146.601562,-14.940364,2020-02-26 18:00:00,98388.74,23.57809,Tropical Cyclone,TC,1.0,0.0,Track_TC
16398,748,146.777344,-15.094849,2020-02-26 21:00:00,98525.88,22.23637,Tropical Cyclone,TC,1.0,0.0,Track_TC
16399,748,146.953125,-15.558983,2020-02-27 00:00:00,98849.81,20.35222,Tropical Cyclone,TC,1.0,0.0,Track_TC
16400,748,147.128906,-16.33489,2020-02-27 03:00:00,98826.07,20.40691,Tropical Cyclone,TC,1.0,0.0,Track_TC
16401,748,146.777344,-17.270076,2020-02-27 06:00:00,98666.37,26.79962,Tropical Cyclone,TC,1.0,0.0,Track_TC
16402,748,146.425781,-17.582849,2020-02-27 09:00:00,98598.6,23.82049,Tropical Cyclone,TC,1.0,0.0,Track_TC
16403,748,145.898438,-18.053028,2020-02-27 12:00:00,99328.35,20.63382,Tropical Cyclone,TC,1.0,0.0,Track_TC
16404,748,145.371094,-18.839483,2020-02-27 15:00:00,99793.29,15.54903,Tropical Cyclone,TC,1.0,0.0,Track_TC
17114,779,132.714844,5.679213,2020-02-23 18:00:00,100051.5,19.51991,Tropical Cyclone,TC,1.0,0.0,Track_TC
17115,779,132.714844,5.679213,2020-02-23 21:00:00,99935.56,22.09549,Tropical Cyclone,TC,1.0,0.0,Track_TC
17122,779,132.363281,4.780211,2020-02-24 18:00:00,100375.7,14.74539,Tropical Cyclone,TC,1.0,0.0,Track_TC
17142,779,129.199219,5.079736,2020-02-27 06:00:00,100387.7,13.69761,Tropical Cyclone,TC,1.0,0.0,Track_TC
17144,779,128.320312,5.529288,2020-02-27 12:00:00,100509.2,15.72262,Tropical Cyclone,TC,1.0,0.0,Track_TC
17145,779,127.792969,5.379401,2020-02-27 15:00:00,100413.4,16.22562,Tropical Cyclone,TC,1.0,0.0,Track_TC
17146,779,127.792969,5.079736,2020-02-27 18:00:00,100305.6,14.97518,Tropical Cyclone,TC,1.0,0.0,Track_TC
17147,779,128.144531,5.379401,2020-02-27 21:00:00,100379.1,15.38437,Tropical Cyclone,TC,1.0,0.0,Track_TC
17148,779,127.96875,5.529288,2020-02-28 00:00:00,100105.1,17.46763,Tropical Cyclone,TC,1.0,0.0,Track_TC
17149,779,127.792969,5.679213,2020-02-28 03:00:00,99678.62,18.98297,Tropical Cyclone,TC,1.0,0.0,Track_TC
17150,779,127.792969,5.979181,2020-02-28 06:00:00,99454.44,20.96681,Tropical Cyclone,TC,1.0,0.0,Track_TC
17151,779,127.617188,6.129226,2020-02-28 09:00:00,99419.16,23.51133,Tropical Cyclone,TC,1.0,0.0,Track_TC
17152,779,127.441406,6.279314,2020-02-28 12:00:00,99330.46,24.63233,Tropical Cyclone,TC,1.0,0.0,Track_TC
17153,779,127.089844,6.279314,2020-02-28 15:00:00,98825.88,32.0176,Tropical Cyclone,TC,1.0,0.0,Track_TC
17154,779,127.265625,6.429445,2020-02-28 18:00:00,98580.09,31.68973,Tropical Cyclone,TC,1.0,0.0,Track_TC
17155,779,127.089844,6.57962,2020-02-28 21:00:00,98612.09,30.92288,Tropical Cyclone,TC,1.0,0.0,Track_TC
17156,779,126.738281,6.880107,2020-02-29 00:00:00,99265.46,26.29171,Tropical Cyclone,TC,1.0,0.0,Track_TC
17157,779,126.5625,7.030422,2020-02-29 03:00:00,99680.2,21.72218,Tropical Cyclone,TC,1.0,0.0,Track_TC
17158,779,126.210937,7.030422,2020-02-29 06:00:00,99985.35,21.46761,Tropical Cyclone,TC,1.0,0.0,Track_TC
17159,779,126.386719,7.180785,2020-02-29 09:00:00,100406.2,19.37895,Tropical Cyclone,TC,1.0,0.0,Track_TC
17160,779,126.5625,7.331198,2020-02-29 12:00:00,100620.3,17.29281,Tropical Cyclone,TC,1.0,0.0,Track_TC
17170,779,126.5625,9.442816,2020-03-01 18:00:00,100469.8,16.00377,Tropical Cyclone,TC,1.0,0.0,Track_TC
17171,779,126.386719,9.291591,2020-03-01 21:00:00,100543.9,13.97936,Tropical Cyclone,TC,1.0,0.0,Track_TC
17172,779,126.5625,9.140431,2020-03-02 00:00:00,100642.6,14.21508,Tropical Cyclone,TC,1.0,0.0,Track_TC
17173,779,126.386719,9.594107,2020-03-02 03:00:00,100447.9,14.58112,Tropical Cyclone,TC,1.0,0.0,Track_TC
17174,779,126.386719,9.291591,2020-03-02 06:00:00,100330.3,15.27744,Tropical Cyclone,TC,1.0,0.0,Track_TC
17175,779,126.5625,9.140431,2020-03-02 09:00:00,100380.0,14.52869,Tropical Cyclone,TC,1.0,0.0,Track_TC
17176,779,126.738281,8.989336,2020-03-02 12:00:00,100420.4,14.93917,Tropical Cyclone,TC,1.0,0.0,Track_TC
17177,779,126.914063,9.140431,2020-03-02 15:00:00,100285.7,15.21395,Tropical Cyclone,TC,1.0,0.0,Track_TC
17178,779,127.089844,8.989336,2020-03-02 18:00:00,100166.2,15.48436,Tropical Cyclone,TC,1.0,0.0,Track_TC
17179,779,127.265625,8.838303,2020-03-02 21:00:00,100224.9,16.03797,Tropical Cyclone,TC,1.0,0.0,Track_TC
17180,779,127.441406,8.989336,2020-03-03 00:00:00,100161.2,18.5002,Tropical Cyclone,TC,1.0,0.0,Track_TC
17181,779,127.617188,8.838303,2020-03-03 03:00:00,99815.02,22.32953,Tropical Cyclone,TC,1.0,0.0,Track_TC
17182,779,127.617188,8.838303,2020-03-03 06:00:00,99636.69,23.68046,Tropical Cyclone,TC,1.0,0.0,Track_TC
17183,779,127.792969,8.687333,2020-03-03 09:00:00,99809.16,22.00222,Tropical Cyclone,TC,1.0,0.0,Track_TC
17184,779,127.96875,8.536423,2020-03-03 12:00:00,99935.19,19.8881,Tropical Cyclone,TC,1.0,0.0,Track_TC
17185,779,127.96875,8.536423,2020-03-03 15:00:00,99951.88,21.38585,Tropical Cyclone,TC,1.0,0.0,Track_TC
17186,779,127.792969,8.084047,2020-03-03 18:00:00,99869.77,20.58182,Tropical Cyclone,TC,1.0,0.0,Track_TC
17187,779,127.792969,8.084047,2020-03-03 21:00:00,100030.3,18.05182,Tropical Cyclone,TC,1.0,0.0,Track_TC
17188,779,127.792969,8.084047,2020-03-04 00:00:00,100219.0,17.98324,Tropical Cyclone,TC,1.0,0.0,Track_TC
17189,779,127.96875,7.933369,2020-03-04 03:00:00,99975.71,19.37924,Tropical Cyclone,TC,1.0,0.0,Track_TC
17190,779,127.96875,8.234781,2020-03-04 06:00:00,99753.35,22.01992,Tropical Cyclone,TC,1.0,0.0,Track_TC
17191,779,127.96875,7.933369,2020-03-04 09:00:00,99824.66,22.4762,Tropical Cyclone,TC,1.0,0.0,Track_TC
17192,779,127.96875,7.933369,2020-03-04 12:00:00,100080.5,20.35486,Tropical Cyclone,TC,1.0,0.0,Track_TC
17193,779,127.96875,7.933369,2020-03-04 15:00:00,100036.1,21.53531,Tropical Cyclone,TC,1.0,0.0,Track_TC
17194,779,127.617188,7.632177,2020-03-04 18:00:00,99807.82,22.39434,Tropical Cyclone,TC,1.0,0.0,Track_TC
17195,779,127.617188,7.632177,2020-03-04 21:00:00,99722.37,23.47312,Tropical Cyclone,TC,1.0,0.0,Track_TC
17196,779,127.617188,7.632177,2020-03-05 00:00:00,99813.4,23.87358,Tropical Cyclone,TC,1.0,0.0,Track_TC
17238,783,310.078125,-30.865394,2020-02-19 03:00:00,100203.0,16.64553,Tropical Cyclone,TC,1.0,1.0,Track_TC_TT
17239,783,309.902344,-30.345318,2020-02-19 06:00:00,100155.8,14.57964,Tropical Cyclone,TC,1.0,1.0,Track_TC
17240,783,310.078125,-29.827991,2020-02-19 09:00:00,100308.6,12.27475,Tropical Cyclone,TC,1.0,1.0,Track_TC
17248,783,312.890625,-28.122357,2020-02-20 09:00:00,100346.6,14.2926,Tropical Cyclone,TC,1.0,1.0,Track_TC
17249,783,313.59375,-28.122357,2020-02-20 12:00:00,100304.3,14.46448,Tropical Cyclone,TC,1.0,1.0,Track_TC
17250,783,313.59375,-28.461258,2020-02-20 15:00:00,100154.8,13.50591,Tropical Cyclone,TC,1.0,1.0,Track_TC
17251,783,314.296875,-28.801248,2020-02-20 18:00:00,100066.2,13.28558,Tropical Cyclone,TC,1.0,1.0,Track_TC
17252,783,314.472656,-29.656145,2020-02-20 21:00:00,100014.4,14.88619,Tropical Cyclone,TC,1.0,1.0,Track_TC
17253,783,314.121094,-29.656145,2020-02-21 00:00:00,99879.9,14.89526,Tropical Cyclone,TC,1.0,1.0,Track_TC
17254,783,314.296875,-29.484592,2020-02-21 03:00:00,99718.04,14.69913,Tropical Cyclone,TC,1.0,1.0,Track_TC
17255,783,314.648438,-29.827991,2020-02-21 06:00:00,99550.59,15.18401,Tropical Cyclone,TC,1.0,1.0,Track_TC
17256,783,314.824219,-30.345318,2020-02-21 09:00:00,99592.35,16.24896,Tropical Cyclone,TC,1.0,1.0,Track_TC
17257,783,314.824219,-30.691725,2020-02-21 12:00:00,99477.49,16.26219,Tropical Cyclone,TC,1.0,1.0,Track_TC
17258,783,315.175781,-31.039379,2020-02-21 15:00:00,99310.6,17.10602,Tropical Cyclone,TC,1.0,1.0,Track_TC
17259,783,315.351562,-31.213683,2020-02-21 18:00:00,99170.12,18.55246,Tropical Cyclone,TC,1.0,1.0,Track_TC
17260,783,315.703125,-31.213683,2020-02-21 21:00:00,99223.28,17.67157,Tropical Cyclone,TC,1.0,1.0,Track_TC
17261,783,316.230469,-31.388308,2020-02-22 00:00:00,99247.45,15.88563,Tropical Cyclone,TC,1.0,1.0,Track_TC
17262,783,316.40625,-31.914149,2020-02-22 03:00:00,99122.12,15.75881,Tropical Cyclone,TC,1.0,1.0,Track_TC
17263,783,316.40625,-32.266384,2020-02-22 06:00:00,99024.09,15.53481,Tropical Cyclone,TC,1.0,1.0,Track_TC
17264,783,316.582031,-32.443014,2020-02-22 09:00:00,99107.41,15.37644,Tropical Cyclone,TC,1.0,1.0,Track_TC
17265,783,316.757813,-32.619991,2020-02-22 12:00:00,99104.73,16.3938,Tropical Cyclone,TC,1.0,1.0,Track_TC
17266,783,317.285156,-33.15304,2020-02-22 15:00:00,99012.21,16.84897,Tropical Cyclone,TC,1.0,1.0,Track_TC
17267,783,317.8125,-33.689349,2020-02-22 18:00:00,98920.77,17.65061,Tropical Cyclone,TC,1.0,1.0,Track_TC
17268,783,317.460938,-34.048752,2020-02-22 21:00:00,98902.88,19.54337,Tropical Cyclone,TC,1.0,1.0,Track_TC
17657,806,128.320312,-12.482811,2020-02-23 12:00:00,100336.8,13.20755,Tropical Cyclone,TC,1.0,0.0,Track_TC_MS
17662,806,126.738281,-12.941685,2020-02-24 03:00:00,99951.44,18.01045,Tropical Cyclone,TC,1.0,0.0,Track_TC_MS
17663,806,126.738281,-12.941685,2020-02-24 06:00:00,99745.15,19.79135,Tropical Cyclone,TC,1.0,0.0,Track_TC_MS
17664,806,125.683594,-13.55484,2020-02-24 09:00:00,99816.62,20.44305,Tropical Cyclone,TC,1.0,0.0,Track_TC_MS
17665,806,125.859375,-13.708373,2020-02-24 12:00:00,99506.16,22.77669,Tropical Cyclone,TC,1.0,0.0,Track_TC_MS
17666,806,125.683594,-14.16958,2020-02-24 15:00:00,99365.73,22.39509,Tropical Cyclone,TC,1.0,0.0,Track_TC_MS
17667,806,124.980469,-14.477572,2020-02-24 18:00:00,99283.51,20.98786,Tropical Cyclone,TC,1.0,0.0,Track_TC_MS
17668,806,124.453125,-14.631727,2020-02-24 21:00:00,99252.23,21.95293,Tropical Cyclone,TC,1.0,0.0,Track_TC_MS
17669,806,123.75,-14.631727,2020-02-25 00:00:00,99068.43,21.70107,Tropical Cyclone,TC,1.0,0.0,Track_TC_MS
17670,806,123.222656,-14.785991,2020-02-25 03:00:00,98751.09,25.41263,Tropical Cyclone,TC,1.0,0.0,Track_TC_MS
17671,806,123.046875,-14.940364,2020-02-25 06:00:00,98338.73,24.72459,Tropical Cyclone,TC,1.0,0.0,Track_TC_MS
17672,806,122.519531,-15.094849,2020-02-25 09:00:00,98498.56,25.23052,Tropical Cyclone,TC,1.0,0.0,Track_TC_MS
17673,806,121.816406,-15.094849,2020-02-25 12:00:00,98512.18,27.9088,Tropical Cyclone,TC,1.0,0.0,Track_TC_MS
17674,806,121.289062,-15.249446,2020-02-25 15:00:00,98647.02,27.08662,Tropical Cyclone,TC,1.0,0.0,Track_TC_MS
17675,806,121.113281,-15.404157,2020-02-25 18:00:00,98577.77,26.39437,Tropical Cyclone,TC,1.0,0.0,Track_TC_MS
17676,806,120.761719,-15.713926,2020-02-25 21:00:00,98880.0,28.74506,Tropical Cyclone,TC,1.0,0.0,Track_TC_MS
17677,806,120.234375,-15.868986,2020-02-26 00:00:00,98487.16,30.00507,Tropical Cyclone,TC,1.0,0.0,Track_TC_MS
17678,806,119.707031,-16.024166,2020-02-26 03:00:00,98312.79,29.91268,Tropical Cyclone,TC,1.0,0.0,Track_TC_MS
17679,806,119.355469,-16.024166,2020-02-26 06:00:00,97792.02,32.61893,Tropical Cyclone,TC,1.0,0.0,Track_TC_MS
17680,806,119.179687,-16.179467,2020-02-26 09:00:00,97833.38,31.89415,Tropical Cyclone,TC,1.0,0.0,Track_TC_MS
17681,806,118.652344,-16.33489,2020-02-26 12:00:00,98105.9,29.81818,Tropical Cyclone,TC,1.0,0.0,Track_TC_MS
17682,806,118.300781,-16.024166,2020-02-26 15:00:00,97288.69,34.65926,Tropical Cyclone,TC,1.0,0.0,Track_TC_MS
17683,806,118.125,-16.179467,2020-02-26 18:00:00,97317.21,35.01593,Tropical Cyclone,TC,1.0,0.0,Track_TC_MS
17684,806,117.949219,-16.33489,2020-02-26 21:00:00,97668.98,30.93927,Tropical Cyclone,TC,1.0,0.0,Track_TC_MS
17685,806,117.597656,-16.646109,2020-02-27 00:00:00,97817.6,26.21262,Tropical Cyclone,TC,1.0,0.0,Track_TC_MS
17686,806,117.246094,-16.646109,2020-02-27 03:00:00,97476.0,29.57051,Tropical Cyclone,TC,1.0,0.0,Track_TC_MS
17687,806,116.894531,-16.646109,2020-02-27 06:00:00,96880.41,30.54655,Tropical Cyclone,TC,1.0,0.0,Track_TC_MS
17688,806,116.71875,-16.801907,2020-02-27 09:00:00,96707.44,35.99126,Tropical Cyclone,TC,1.0,0.0,Track_TC_MS
17689,806,116.191406,-17.270076,2020-02-27 12:00:00,96587.35,31.72233,Tropical Cyclone,TC,1.0,0.0,Track_TC_MS
17690,806,115.664063,-17.426395,2020-02-27 15:00:00,96139.44,33.51286,Tropical Cyclone,TC,1.0,0.0,Track_TC_MS
17691,806,115.3125,-17.739438,2020-02-27 18:00:00,95519.43,35.51364,Tropical Cyclone,TC,1.0,0.0,Track_TC_MS
17692,806,114.960938,-17.739438,2020-02-27 21:00:00,94688.24,42.19611,Tropical Cyclone,TC,1.0,0.0,Track_TC_MS
17693,806,114.785156,-17.896163,2020-02-28 00:00:00,94364.79,45.08036,Tropical Cyclone,TC,1.0,0.0,Track_TC_MS
17694,806,114.433594,-18.210032,2020-02-28 03:00:00,93892.37,44.08836,Tropical Cyclone,TC,1.0,0.0,Track_TC_MS
17695,806,114.257812,-18.367178,2020-02-28 06:00:00,93372.88,47.32586,Tropical Cyclone,TC,1.0,0.0,Track_TC_MS
17696,806,114.082031,-18.524468,2020-02-28 09:00:00,93625.44,45.69936,Tropical Cyclone,TC,1.0,0.0,Track_TC_MS
17697,806,113.554688,-18.681902,2020-02-28 12:00:00,93763.41,48.90352,Tropical Cyclone,TC,1.0,0.0,Track_TC_MS
17698,806,113.378906,-18.839483,2020-02-28 15:00:00,93122.4,48.20868,Tropical Cyclone,TC,1.0,0.0,Track_TC_MS
17699,806,113.203125,-18.997211,2020-02-28 18:00:00,93333.04,46.53209,Tropical Cyclone,TC,1.0,0.0,Track_TC_MS
17700,806,112.675781,-19.15509,2020-02-28 21:00:00,93218.62,45.55061,Tropical Cyclone,TC,1.0,0.0,Track_TC_MS
17701,806,112.324219,-19.471302,2020-02-29 00:00:00,93538.65,43.69233,Tropical Cyclone,TC,1.0,0.0,Track_TC_MS
17702,806,111.972656,-19.788132,2020-02-29 03:00:00,93529.51,44.34208,Tropical Cyclone,TC,1.0,0.0,Track_TC_MS
17703,806,111.621094,-20.105594,2020-02-29 06:00:00,93521.41,44.31149,Tropical Cyclone,TC,1.0,0.0,Track_TC_MS
17704,806,111.269531,-20.423701,2020-02-29 09:00:00,93741.91,43.3488,Tropical Cyclone,TC,1.0,0.0,Track_TC_MS
17705,806,110.917969,-20.742467,2020-02-29 12:00:00,94092.73,42.11821,Tropical Cyclone,TC,1.0,0.0,Track_TC_MS
17706,806,110.566406,-21.061906,2020-02-29 15:00:00,94322.51,41.94522,Tropical Cyclone,TC,1.0,0.0,Track_TC_MS
17707,806,110.214844,-21.382032,2020-02-29 18:00:00,94542.99,42.10473,Tropical Cyclone,TC,1.0,0.0,Track_TC_MS
17708,806,110.039063,-21.863542,2020-02-29 21:00:00,94827.84,40.20091,Tropical Cyclone,TC,1.0,0.0,Track_TC_MS
17709,806,109.6875,-22.185451,2020-03-01 00:00:00,95181.43,38.57682,Tropical Cyclone,TC,1.0,0.0,Track_TC_MS
17710,806,109.511719,-22.669705,2020-03-01 03:00:00,95469.8,38.17577,Tropical Cyclone,TC,1.0,0.0,Track_TC_MS
17711,806,109.511719,-22.993491,2020-03-01 06:00:00,95753.53,35.93915,Tropical Cyclone,TC,1.0,0.0,Track_TC_MS
17712,806,109.335938,-23.480635,2020-03-01 09:00:00,95969.41,34.52324,Tropical Cyclone,TC,1.0,0.0,Track_TC_MS
17713,806,109.160156,-23.969584,2020-03-01 12:00:00,96349.28,34.69639,Tropical Cyclone,TC,1.0,0.0,Track_TC_MS
17714,806,108.984375,-24.132978,2020-03-01 15:00:00,96549.96,33.02188,Tropical Cyclone,TC,1.0,0.0,Track_TC_MS
17715,806,108.632812,-24.460396,2020-03-01 18:00:00,96742.16,32.35468,Tropical Cyclone,TC,1.0,0.0,Track_TC_MS
17716,806,108.457031,-24.953127,2020-03-01 21:00:00,97098.57,30.80464,Tropical Cyclone,TC,1.0,0.0,Track_TC_MS
17717,806,108.105469,-25.282711,2020-03-02 00:00:00,97504.91,28.35646,Tropical Cyclone,TC,1.0,0.0,Track_TC_MS
17718,806,107.929688,-25.447839,2020-03-02 03:00:00,97698.4,29.05998,Tropical Cyclone,TC,1.0,0.0,Track_TC_MS
17719,806,108.105469,-25.613193,2020-03-02 06:00:00,97907.59,26.49862,Tropical Cyclone,TC,1.0,0.0,Track_TC_MS
17720,806,108.28125,-25.778776,2020-03-02 09:00:00,98186.03,24.94341,Tropical Cyclone,TC,1.0,0.0,Track_TC_MS
17721,806,108.28125,-26.11064,2020-03-02 12:00:00,98537.98,23.151,Tropical Cyclone,TC,1.0,1.0,Track_TC_MS
17722,806,108.632812,-26.11064,2020-03-02 15:00:00,98765.04,22.04392,Tropical Cyclone,TC,1.0,1.0,Track_TC_MS
17723,806,108.632812,-26.11064,2020-03-02 18:00:00,98950.82,21.04523,Tropical Cyclone,TC,1.0,1.0,Track_TC_MS
17724,806,108.808594,-26.276925,2020-03-02 21:00:00,99285.46,21.24686,Tropical Cyclone,TC,1.0,0.0,Track_TC_MS
17725,806,108.808594,-26.276925,2020-03-03 00:00:00,99555.0,20.66528,Tropical Cyclone,TC,1.0,0.0,Track_TC_MS
21102,996,152.753906,5.079736,2020-02-28 12:00:00,100521.1,17.2788,Tropical Cyclone,TC,1.0,0.0,Track_TC
21116,996,148.710937,6.129226,2020-03-01 06:00:00,100342.1,15.40774,Tropical Cyclone,TC,1.0,0.0,Track_TC
21117,996,148.359375,6.429445,2020-03-01 09:00:00,100477.1,14.75009,Tropical Cyclone,TC,1.0,0.0,Track_TC
21118,996,148.359375,6.72984,2020-03-01 12:00:00,100447.5,15.04917,Tropical Cyclone,TC,1.0,0.0,Track_TC
21119,996,148.183594,7.180785,2020-03-01 15:00:00,100132.9,16.51395,Tropical Cyclone,TC,1.0,0.0,Track_TC
21120,996,148.007812,7.933369,2020-03-01 18:00:00,100236.2,17.52954,Tropical Cyclone,TC,1.0,0.0,Track_TC
21121,996,147.480469,8.084047,2020-03-01 21:00:00,100099.9,20.81851,Tropical Cyclone,TC,1.0,0.0,Track_TC
21122,996,147.128906,8.385573,2020-03-02 00:00:00,100032.9,21.85559,Tropical Cyclone,TC,1.0,0.0,Track_TC
21123,996,146.777344,8.687333,2020-03-02 03:00:00,99915.27,21.01129,Tropical Cyclone,TC,1.0,0.0,Track_TC
21124,996,146.074219,8.989336,2020-03-02 06:00:00,99802.34,22.05631,Tropical Cyclone,TC,1.0,0.0,Track_TC
21125,996,145.546875,9.140431,2020-03-02 09:00:00,99915.75,20.33388,Tropical Cyclone,TC,1.0,0.0,Track_TC
21126,996,145.019531,9.291591,2020-03-02 12:00:00,100105.5,19.4667,Tropical Cyclone,TC,1.0,0.0,Track_TC
21127,996,144.492188,9.745466,2020-03-02 15:00:00,99656.62,19.54882,Tropical Cyclone,TC,1.0,0.0,Track_TC
21128,996,144.140625,10.048391,2020-03-02 18:00:00,99484.38,20.79529,Tropical Cyclone,TC,1.0,0.0,Track_TC
21129,996,143.789062,10.655103,2020-03-02 21:00:00,99629.5,20.99991,Tropical Cyclone,TC,1.0,0.0,Track_TC
21130,996,143.4375,10.958908,2020-03-03 00:00:00,99521.98,21.499,Tropical Cyclone,TC,1.0,0.0,Track_TC
21131,996,143.261719,11.719808,2020-03-03 03:00:00,99198.9,21.37043,Tropical Cyclone,TC,1.0,0.0,Track_TC
21132,996,143.085938,12.177348,2020-03-03 06:00:00,99064.79,21.10931,Tropical Cyclone,TC,1.0,0.0,Track_TC
21133,996,142.734375,12.788634,2020-03-03 09:00:00,99289.85,20.93116,Tropical Cyclone,TC,1.0,0.0,Track_TC
21134,996,142.734375,13.708373,2020-03-03 12:00:00,99204.13,21.71109,Tropical Cyclone,TC,1.0,0.0,Track_TC
21135,996,142.734375,14.323523,2020-03-03 15:00:00,98928.1,23.00855,Tropical Cyclone,TC,1.0,0.0,Track_TC
21136,996,142.910156,15.094849,2020-03-03 18:00:00,98927.21,23.38216,Tropical Cyclone,TC,1.0,0.0,Track_TC
21137,996,143.261719,16.024166,2020-03-03 21:00:00,99099.71,23.72251,Tropical Cyclone,TC,1.0,0.0,Track_TC
21138,996,143.964844,16.957833,2020-03-04 00:00:00,99259.71,22.02512,Tropical Cyclone,TC,1.0,0.0,Track_TC
21139,996,144.492188,18.053028,2020-03-04 03:00:00,99122.71,21.47113,Tropical Cyclone,TC,1.0,1.0,Track_TC
21140,996,145.546875,18.997211,2020-03-04 06:00:00,99080.4,22.02357,Tropical Cyclone,TC,1.0,1.0,Track_TC
22588,1079,79.804688,-14.323523,2020-03-02 15:00:00,100536.1,13.69415,Tropical Cyclone,TC,1.0,0.0,Track_TC
22589,1079,79.804688,-14.015742,2020-03-02 18:00:00,100285.9,13.94017,Tropical Cyclone,TC,1.0,0.0,Track_TC
22590,1079,79.980469,-14.16958,2020-03-02 21:00:00,100101.3,16.20115,Tropical Cyclone,TC,1.0,0.0,Track_TC
22591,1079,79.804688,-14.323523,2020-03-03 00:00:00,100113.5,16.70106,Tropical Cyclone,TC,1.0,0.0,Track_TC
22592,1079,79.804688,-14.015742,2020-03-03 03:00:00,100177.7,17.50898,Tropical Cyclone,TC,1.0,0.0,Track_TC
22593,1079,80.15625,-13.708373,2020-03-03 06:00:00,100033.9,17.45913,Tropical Cyclone,TC,1.0,0.0,Track_TC
22594,1079,80.683594,-13.862006,2020-03-03 09:00:00,99911.81,19.5021,Tropical Cyclone,TC,1.0,0.0,Track_TC
22595,1079,81.210938,-14.323523,2020-03-03 12:00:00,99980.05,20.49494,Tropical Cyclone,TC,1.0,0.0,Track_TC
22596,1079,81.035156,-14.477572,2020-03-03 15:00:00,100004.0,22.19326,Tropical Cyclone,TC,1.0,0.0,Track_TC
22597,1079,81.386719,-14.16958,2020-03-03 18:00:00,99773.99,24.16258,Tropical Cyclone,TC,1.0,0.0,Track_TC
22598,1079,81.738281,-14.785991,2020-03-03 21:00:00,99421.85,24.68813,Tropical Cyclone,TC,1.0,0.0,Track_TC
22599,1079,82.089844,-14.785991,2020-03-04 00:00:00,99429.85,24.98156,Tropical Cyclone,TC,1.0,0.0,Track_TC
22600,1079,82.089844,-14.785991,2020-03-04 03:00:00,99472.88,25.45784,Tropical Cyclone,TC,1.0,0.0,Track_TC
22601,1079,82.089844,-15.094849,2020-03-04 06:00:00,99221.94,26.30482,Tropical Cyclone,TC,1.0,0.0,Track_TC
22602,1079,82.265625,-15.249446,2020-03-04 09:00:00,98970.3,26.71126,Tropical Cyclone,TC,1.0,0.0,Track_TC
22603,1079,82.441406,-15.404157,2020-03-04 12:00:00,98994.16,26.93842,Tropical Cyclone,TC,1.0,0.0,Track_TC
22604,1079,82.441406,-15.404157,2020-03-04 15:00:00,98965.94,27.14366,Tropical Cyclone,TC,1.0,0.0,Track_TC
22605,1079,82.441406,-15.404157,2020-03-04 18:00:00,98542.15,28.35913,Tropical Cyclone,TC,1.0,0.0,Track_TC
22606,1079,82.792969,-15.713926,2020-03-04 21:00:00,98336.04,29.05816,Tropical Cyclone,TC,1.0,0.0,Track_TC
22607,1079,82.792969,-15.713926,2020-03-05 00:00:00,98282.67,29.33925,Tropical Cyclone,TC,1.0,0.0,Track_TC
